create database kho2ss
--NSX
create table  NSX(maNSX varchar(20)not null  ,tenNSX nvarchar(100),dienthoai varchar(14), diachi nvarchar(100),
primary key(maNSX)
)
--NCC
create table NCC(maNCC varchar(20) not null, tenNCC nvarchar(100), dienthoai varchar(14), diachi nvarchar(100), 
primary key(maNCC)
)
--kho 
create table kho(mak varchar(20), tenkho nvarchar(100), diachi nvarchar(100),thetich float,anh nvarchar(100),thetichDD int default 0,
primary key (mak)
)
drop table kho
alter table kho
add thetichDD int 
-- hang trong kho 
create table inventory(id int identity, mak varchar(20) not null,
maHG varchar(20)not null,namSX date,soluong int default 0,tongtien int default 0
primary key(id)
)
--hang
create table hang( maHG varchar(20) not null,tenHG nvarchar(100),namSX date ,hanSD date,maLH varchar(20) not null,
maNSX varchar(10),tinhtrang Nvarchar(100),  mota Nvarchar(2000),thetich float default 0, gia int,anh Text,
primary key(maHG)
)
drop table hang
drop trigger [tg_chitietphieunhap_insert]
ALTER TABLE hang
delete ngaynhapkho 
d table hang
--Loai hang 
create table loaiHG(maLH varchar(20) not null, tenLH nvarchar(1000), 
primary key(maLH)
)
--PHIEUNHAP
create table phieunhap( maPN varchar(20) not null, ngaynhap date default getdate(), maNCC varchar(20), tiennhap int default 0,
primary key(maPN)
)
--CT PHIEU NHAP 
create table CTphieunhap(id int identity,maPN varchar(20) not null, maHG varchar(20) not null,
mak varchar(20) not null, namSX date default getdate() null, soluong int default 0, gianhap int default 0 ,thanhtien int default 0,
primary key(id)
)
alter table CTphieunhap

-- HOA DON 
create table hoadon(maHD varchar(20) not null, ngayban date default getdate(), tk varchar(20),maKH varchar(20), thanhtoan int default 0,
primary key (maHD)
)
drop table hoadon
--CT HOA DON 
Create table CThoadon(id int  Identity ,maHD varchar(20) not null,
maHG varchar(10) not null, mak varchar(20) not null, namSX date not null, soluong int, giaban int default 0, thanhtien int default 0, 
primary key(id)
)
--primary key (maHD,maHG,mak,namSX))
-- khach hang	
create table  kh(maKH varchar(20)not null  ,tenkh nvarchar(100),dienthoai varchar(14), diachi nvarchar(100), anh varchar(100)
primary key(maKH)
)
--Tai Khoan
create table tk(tk varchar(20) not null, mk varchar(100) ,mak varchar(20),
primary key(tk)
)

drop table tk
--phan INSERT vao data ===========================================================
-- Them nha cung cap 
select * from NCC
insert into NCC(maNCC,tenNCC,dienthoai,diachi)

		values	('NCC1','Shoppee','0134603548','Ha Noi'),
				('NCC2','Tikik','0134603548','Ha Noi'),
				('NCC3','Aivan','0134603548','Ha Noi'),
				('NCC4','Bae','0134603548','Ha Noi');
-- nha san xuat 
insert into NSX(maNSX,tenNSX,dienthoai,diachi)
		values	('NSX1','Iphone','123123123','My-thor'),
				('NSX2','Apple','123123123','Ha Noi'),
				('NSX3','Bếp khôn','123123123','Ha Noi'),
				('NSX4','Guncii','123123123','Ha Noi'),
				('NSX5','AivanHo','123123123','Ha Noi'),
				('NSX6','Dell','123123123','Ha Noi'),
				('NSX7','Lenovo','123123123','Ha Noi');
-- kho 
select mak,tenkho,thetich,thetichDD from kho
alter table kho
alter column anh text
insert into kho(mak,tenkho,diachi,thetich,thetichDD,anh)
			values	('k1','Đông Anh','Ha noi',100,0,'https://cdn.tgdd.vn/Files/2016/05/02/823455/Gallery/ban-do-sieu-thi.JPG'),
					('k2','ti ki','Ha noi',200,199,'data:image/png;base64,iVBORw0KGgoAAAANSUhEUgAAAOEAAADhCAMAAAAJbSJIAAAAn1BMVEUAtvD///8AtfAAs+8Asu+76/s/x/Sl3PiM3/m85fkAsO/F6/sSvPJly/TR8/zl+P2d3/js+v74/f/X8fx40vUXvvKM1Pan5Pk4v/Lm9f3R7ftPwvI0xPPc9f3L8vyw6Puv4PiJ2PdhyvS25/pZzvV91fby+v6V4flx2Pdh0vaT2vdxzvWg4PkawvNmyPOd3viA0fW27ft+2/hJzfXA7/vEGyksAAAcMklEQVR4nO2dC3uiOhOAQxJYKwgSoFAFKYjgddtV//9v+xJA5RZAqrvd/c6c59lTlUBecp3JZAIWrvRvCxAx/LeFEoJ/XP4j/PvlP8K/X/4jfIBw+/HfI48lHJ7553E/gjDNGaJ5UxTFcZz5fB6Zm1WSJP5CpaIJjaKx3xY2vey4MTc0EU1Kb0Dvh9AjYb9ESLloboDCqHa7VTD1fc/zmoG6RVc937eDwNz9THkpLUYp7Z8gpGwYKZYb7l5fp7a48DgFNVA0TxXF/cf29XMycSkqfRgaCjqAkMFZ0uT1x/tS9vSHktWEaJosL99/vJqhpKBBmPcSUjxFWr3Iqkaey1Yh1T1VftmbksJK83mEFM8yl4YX/064ouieIW8jBeM7IO8ghFjZyPofo7sI0d/k9aF/SfYlhGh8SP40XEGMNa2vDySkI8Jp8aehqnI+sYw9hBBCa6f+aZ4mWaycbsYehEjZiX+ahSdeN2MnIUSS/VsHhvuEiKbSjthFiEDwLSvoTfSl29rldBAi9zsXYC7Gpg2inRCF364HbRI9aCnFdsLNYyfUTxMy5U8A2gjhplcN9ezk3OdC/TyyB6tWHUJ8bn/TRrjpces4UcYY4bHbVZ1FF7PrlNGTtBGfN2rwCWEfwNkhnwQjuGrLeryCWVOB2DUeBVUS8sFB5BKiPoCecm3iEJp8xHh1ezw6PKeq6uZ9ZYjCHk2LSIU+DCp77nX74vtF0iPBbuKF9xAit8+LtstpJF4arzwmj580CZQbe5tmQqgs+9wyrBhAZc51L6h0HTo9EKsoqzvKcNun+9ccZB2uYimYk4pssVK4UIHKY8FuGWoqxEZCFPbqDFQHn/W3XHTPxEGzASDe4O31ujfdB+BZw2LSQNNECBW/1/08Z1z8+DLmEOoR/lH4qALwtLlgw4jRWIarfrNtSljQO+JgzK2l4yLhGYAvMLRLQyE2EMLO+clFQjy6fdAiyOtplrhY7Y9P62lodam3xKYyXPW9nw2VW71cIok3W/EkcOubNQf3awSDZFXTMuqE0Omt8tIRf3VBVF3QNuKHl5vG5rNG/FRmPQiB2f9+qgVXacERX8ItszZth8JsmFdXQHqm0UA/VKtpA+E9GZBdPA8+9h+fCgradMm3FbQ+99OPYI6eCiiQmjJcI7yzDnkfB6p8IhjJ7cbwWI6oFoLwYf+ssTAXuZMQ2/fdkejGcj9769b69DfZXnr6s80+hgW7CJ+cg2eLdkLthCi6/6aEkMLf9V9bfuR+e/2S8yu3KtQaYpUQ8zSbWLTrMqMPiu3TIcpTeceDNC01yLcR/SbLjrdxT/tabZ6tD6dlNb/aKLsPMdaHqPYrWZ4OG5nH+IJbCbnTfi9EuC4ooFMy2s8gnI7ohsv+DAsUC/YNTGeBanpddUgRFfbttAIYsi8jLfsVriqd2BTTbwHPkFvVEiuEKOKk+wBNAoHqpS07fTPkE6V/3vqq2Tz7kU1iJtmf5ZmdLuH0NmXuLZtAQ/BBzPSGYFrKFEkth0jidG6q1ErI60l1k2PtSIy82tNBQJukfyvXEqEFD67fpLAAv5Tu+5b1fLi0NKllydCrnt0QOaXXouZZeWvOap4LHiHkjFa6ybEq20Z+A7VOqOWGk8yC00ZYHoTF/MsLYUVfXWRPxBxCYdtGCA+8cW3faKuDijfjEuoXyxCcezzCOELZfQrqDNlmj1L2+rU4iqbKLsL3tlqKNryZSbzKepr8kTD7RPUlPuGlPeRtr5GQaiQ5wu0rI7Pgobl3rXAQFFpPF+Gy3NVUCFvsM7Ho//olBvk7T8Rfv3yRXs0ljK4vI1OWmgmNbKYM57cHy3lmzEKTggXDRxeh7LYQ4hkXMJdstIHO9YE8wghfAH8JLYRkm7+yayHlnRp0FsVOA1nXV9BFeOnfmgjhodPi3pOQbPKnoKvNp5nwMnzB3eWLfGIJ5+Vu8TbZ6iKMd3xCFHWupvUjJEHeMUHnqs9zCLUsP3B+Uare8xsmlY5/fCnlLkLhtYWwRYm9g3Av7PPGDue3kYxDKLxn6ZWP7KMu5dVWrxDCi4Wuk3BbBCwT4h+duk0fwpHdAMglzOcgcJe9XSN/2Wxh6EKY3y1fNegktEudabmn4RnL7iIEroPqgFxCssoInWz2fszSjr0CoZJnz4x7ES4dHiG0HkN4eedlqySPUMiXb2FWTfN+xhVuhMoqb6uZrauTUJ1zCXuYUHoRZner2Oy4hPo8G+EnrJsTs1tkE9Vrw5azWpEVQSehxyVEu27HhP6E4FhOySUUgrzgWfbzWRwgRcIPYZrVCxR5PQiF0nBRIuzuSu8pQzAqpeQTqlm7YRMqMs5yshaKhNPrwhmmuuJXCH9w09xHmLfD8qIwn1CIsrZnGUKSKxOzKqEeZjfF7z0IS+uIpXb4/hhCN++tkVM0ibQQivkbfhGyKSU66VXCS0FDZdZNGHAIey389hkPgy1oQGwhJHk13VxQcwtFaaKbu5Mgye8ktC/DS5XQ6bG+3mtOo5sNiC2E+SAIlVOWESufHpeVlXzRBeVaWQthyX2oSNhnVa3fvFTb5fcsILYR6sW5C7gu95QJ9ah0VQuhyCPss7bdU7fQL34oyDn3IBSKbivg2loqKrVxKF7VQqg6zYTZkPsYQkG75AZZeg/Cc7FLv77pquFnWTSltBB6PMJdD5ez3hpwfHGXQq7eTUgKqw23QatKSD4KhTikDF+7AfsTCvG1WWUXtxIKo5v72M12WDNPFk1+LYTCvJkQP5ZQkC/lglJnvRKhLh5HRlFV864VEH1ev68RFs29AwjhgwkF+VJZ0pZVJKRXUimaveKr4apgMq8TCstrdR5AqEz5SQYR0uxcKhWFKRJu00S4qKwtL7bH+a2/ayC8KfDfgpBcrBnMTaNASPLJWdHB07sMGAXLaROhPukeD79GCKuE+c28orJTRWSKXZHwULfl5/0kMyLWCD8K19FxKH/ikwgz4x+85c0orD1lS0VFn7Hc6MYcM1MFIlMCSbZOi0saZNYxwbBInd3QKs+Xs5WSyyDUKOEXCEnAFu8K66j03dMvximVaKXrfsWVAXJkP6OPfP0wH3NlgJgptZRHsoVsWbA0c8xuOKnYx2yMIQZtasIGDCdknjOHkqssEU+HU26wUDeHQ1JZ+ji7+RKxdzq4SQ4lW2NcdaEitnQ4VSaOTTdkq8mHqNWkZH6F8K+Qf5/wS7X0r5Cv9KV/h/xH+PfL/y/hR3fSv0R42tP2d2VAHSXXqct5lDx8k6PG0fF7acCPkNMY43E62STT1Kfj2HKxt1mv15vrDMZngTGw2273HG7FIG9vD4gaMYJAUegkleqMx3H695g3BSNvR7BKkpF0bUCfmwUR9JW7nrUs5g62RMVTAA7mi8GpVbHRJPWMhAj44spBQEzGwAnExOLtBNT2buYBv7zMYWUpW9HwVu5qxn3ZQ62Jhgl3612oWNG77DW8QflgNUi9eObIov/6DnIzM7s6x+um58XLaJIrYnpgpveRw+u2HPnTNRteXypcm3f7Aqkoge1x8rlaBztLkV7fF9VX+ILrDpqowRXQTD2cmOYIwTTdfdnoLyjTYlpc3rkeSNvlcisV9x3JrxJn4waXsHXdYmlJsokwAtJus94HruLstmKp0F+w+/5Slvd5Q+YNBVr7WFg4EDq0JgbK1WhclLODnMkuvCjy8UxRFATMksZ1GNXTMUkAaCZsXXt6xW6STFn0GwScn9HRtyOgzIvba17GVVdXmmrcUDz2GCrh1HYhdP0gpMpww3PPLgJUYb5tO0r3+0AwD25vg/D2wPFW1wBoWz98pRc6840trg4MUnGio+y7xWc07V1rJBRsmnegMPsG7VOxUnNzFjzTuqyyXlpOvuoJgXv1RbUtTl5NHmHrGjBzNKINh/Yztpq4Y8wcdaMjLDTd/oSCEUHaSBXWUsGq1r/pR+Ua8Qoq2c+3YqGM+WKPxAsJNGwd/+JKRV//WEo0O7IAcgcQEpI62hNx5AtxMlJvX10usJViGCiIN76YHIoxExBO+0QNcbJKfvIIWzvTorMYRPgQeJ8DCJktJhPXPemC5V62zt5mKfGq4nBNe+haTAhlYwgj3iY/vrdJq8dQ2R0OwPH7Ft9PKCvXTc/IehPGt93PN++b5i3ZpYeHointLd4mP77HEIAtnWmFEKBBhIXNEPBACW+fbkNVxT+0SWgXLu8s3pxG5Hp9AcTZyPt7CYXcz/va2SBw63iy/wX0Kp27Jt/iuYck/rztFcFSa3giYeqrj8BlwHBMZB2yqxQrYw242UzfUKkoyrVU4fsIv2JpVAyN0EroXd7vIEJ9guD4JAY4/8VGSuY+QmcIe7acJbUTtnjQAsxviK94fRod4LUCtRHONtLoC4RCgBQxprrjlfBykbsQ3o4Yjlp3KustXtAAm9yGSAl9+wAOaTxWWtHbCO0lyddNhhGqvp5qx02EtIIkfithmyc7raZ852lahtF6lESKpGCaqo1wmRB7I5BGQtg8WtSn/TdCqiWWPVbtVsLW3Qgt1ZS1w5O4sjb26AjO7bXUWxvCwT8mvj/B21KteGGReHOhxVz8xCeslCElbN2M7bftKAH8YACvCCmRKx3XI/d4UEcubutpAlmwD4so2kubXUl/1/ybiESwC5+q3XgL4f5nG+G+RFTbYcnb2sU6KDZcSI4bJZa3bu9L/YQQVzBWwocvlKaCsVcQIpQ/PYaQvOJWQtRoUBCuXTCbX7lo50qtZaht3oRoEY9ELyGL4r5buXCcRqQLxU/VAfxCCJTdXYQdu/NoX8OxfdwGGTpiUCW4lVAwF4K8Ebw3QSNCcT31ha0gs9DY9B/W0yCY/QcRt6dhg/89hB07LKubHZsIs4e1z2mWR4FcZg+jQnfab7SoEN4uygmXbYQdu2TZo5oL8Y556SyS1ofb916hr3kModFG+F4haoga0Wze6UMYZcO8b5MEFHwZCk4ljyF8ayHUN5VkTbFNGjX9HoQsph4TFo3Guw07JCpe8yVCayT+StbrqIVwVk3UOz7NayVaeBNh/pNzkOh4+ARCoEhRFG02EX8dsEfkj4pb0lWWu7lS1J+aCaFrKZIjYWV/m8qUCG/PH1RLOzf1vFXDYjRHwto1zr9VOwgtcIFkhAdbKcxEUkLJtUJHUiLltv+GFHY1tlgxuONhkbDTE31b42mO9cWLb+KJe9MFCKWErzjSi9PYlzFKBSuuIoHxbRVkfcuXHljN81JrW32r5KN2FBXqJPRAzcbTHK/N5e8H1lU5kADtVN63q7K+PItKIpl5OIypdC4kl29ChMKHWvdG9kptmefUVUujOg4nqmDYttAWazM7Un7olWuIVpbtBwWydxvbGLbmqNeX6pqWvIqSNNiweLEvefExLjT6W2e2tSgxo5Hx9vtCLZ97RxUE/MnbHUK1YPG3njOwcJoMrdwIrWPOytX3lbPTaGflR9kdH79/JO+iyJzA5S2RklHU4mf83YT4zSXYEe1aanN4+FaibRUOYHvEcuTU4zp9RyH+ZFjEcuaKPfm2Bz/cZLFSWig6Tg6g88XveXjHTdSOIy66z7eAzuYbHx+wiLqO8OhxRgnVC0+//jRJo5CRCzr4ep6kw46xWhv8OHd/QAjREnfc50ik3qchYaxsxEc47n2dTX/z/I2Feh5rdc+JVggDd7WcGZ4W/4nijGPN84zZfhVRuv5Hk9157lrqBiNFwfblRZZVqs9oeoNohlp4BfmXXqProuoV09WuWeTaI/MgC1aRdGA+OPcdvDbk7Dx2eB6GVEmXJGlnNshEKoblzy8Jm0+VDgvpdrVf3cwkYAHmBDjsiMABhFdQZo/nSMFhj+TGjdyYf7XqX/4oSe2ar5/dOZywVQpbC9XnPKG3PIkQ4Ksd6tc/SngLr9ZkO/md8ixCgC69aTWu7++WhxA2dQZX7/RG48lvPPP4q4TMFxZY6VG+oHKuZKaTeLUUtIdMzw2up3iKfI0QIiv83E59URT96fYztFBhXSILg5tUUyjSbju1WYo9SwGfXYm/QoiAtF2mQzvJApF74la6rUmnYVVJcVs1/c0Nlul855Ji+RGC5zJ+ZcSPliqLcLF/fd1N2MnHzGHEe4kuNQ8qgS7YBe0GImlv0PnlYr/NUyxpCm0ZPrVFDiZEzp5mT1zNHQWyw6XpNM6Zm7/YRpdLrAgIJknBPwmB6RtVWYOfTnYcNW2O1twUGePhicU4lBCGtDTOoQJQsYyAwlZhjMnNwe8mmJ3VtZg4oFBizDU+9FncjzF4lgwjhNAkgr4BtepFv4i0W/jSguANEUhzCommmN5ziPFdMogwDae3VJq7esxWH+3KGglEAS1ATgrEFkmWneaIgTKEkAFyj6pjPwfkGqO18JXPH/zGa1J7KY+SQWW4qpwVVxEItnF5Zw5YxSRpG91RpFdeysNkACGLvc8vQSaQRdwpHH8KQ+0SvZIrZtzUeh8g9xOyiHh2R17Y/jvtOlCw2FZi4/S0mOKDaOE3IbQFr3vPh7IQxOtFW8GQOlM4YjlW3qPkbkK2l7Z7ywdT8i/BraCjx0HH5SCrypvuy+6W+8twKfh9LkP2NXz8qMdGHyrwva6IPEDuJWSByXo1F2jloRyhQrhnR5RvLXnl+ImPkXsJ6YvuO3DZdBQHqddxzZuuWfD7M4w691qEXVnY9QOEkqCy7hSrwke/kmGhZx8/YNxJiCZ6eXcfX6CjxrR2QkXQ3Z7Zht4TrDr3luGr4DPvv6rHWU1AGivlB2L7G4w0TFmPFNh/gmXuTkKa63RnmNIl7CKTHReCEiEN/NuZQkmtV97DG+J9hNDyhU9a85yZ3C4zieb3J9ugg0UWABhKfkcKcUevconwh9shnXiw0224mzJucgQsxuOCEuoszjqqb9WvypK1WUJqHrC/mXCupoTdTm9JSkgna2PCoiSi7lDhbFaACamd0Pi7CTW2JQV3uy6ol4szQl7o2Qrh+BsQencRemFOCLoJ2V6Xb0DonPV7CFk7JGyMU7pPzmCE36CWOiLZ9SJcpAfQyw6kU5o17lVLLQgPhDxcgbqTULGFVwh6HOjrM5d/Nh5iW5iinj0NnR3oDzcr3jvz3jJzSo/RYsSsT8J7OorPUOthYLm80B43EB6/2nfvvPRTODuwEIKWJxMIFTHdlnlguzy6T5Jih3eh2eUgnT9HCCWVhBAqXU6ZHn0N8yz6MSbxBrXt9M9EkxA7ue/hHc3dtVRZCswk1jXkM8vgKlPtaaOl0xXMO1TzIjILWkG08cOXFO8lxAHJyqdVCPNo1Um6RQe6rCz5JyvmKQIEaSVdrI8b8FgD/906viULK9hViKw3ii4n/4GFYNNX0x53ckYbrE90UTzrgt9Xn3wKIcBbojsQzdvOwmBnwQIi7PPAFhELcwCttr6GnNDEm0VpODRJ1syOTDyVEFozwaaFaPLbVRqKbS9412hWYqoonlpa4hRPvOklgDvYaubjSvH+8YcZTGnnCLgjHMnqKLka2GCoMWiccBFl5Ki3lRAIPrTHVdQhnnvTtBo6e06G9xZiNkf7mkf6NgR9lxrum1PQEh6VTgyPFv7DRv4hhMqZnYaKlMaIRGSrIOSqglqYYLJzHjW2vr9taovEpnDqqhj7ZrMWHjY/HTJLYvs9jRAhENbd+LUJc0iQBXVeOqHMnbHjmyGY1HUMz6SV2o2LQz2UNo8zug2aBzJEzUQQOpVwctqRjpXs+De1YnKEriGQzRgCq5KCJC5toa72VgKC9mL9qGo6bKbLEMlUYbEBo+sGUSJuFOatMCJU16uWQHoosJ8uc0c3zeScpsA0xVs5EpB/Xv/RMmQ9+p7F98hOPrZOm/VaYs7XNFfs/D67YRMSZIv18Tp1F8eKtF6vT27q9QtY3Ay9RAgPxz9dhqx/NGnGvMhhzmkIpf4xQEk3n3ictdzxxqOlu5qnKZi7dpqCbTuKj4e4ODwgM3rcGs1wfQxZNs2xbps/5w6T+U/TZk5RS4t3S6SwjSnEX5VTaL6LwKK0zXx/jIdmqyZfIHSCRBXYfFpbiHQ+qdHBThe8Q4tusFt4GmEpvDQF27esx17EKvfKuO0fhNHaG/3J8TDLBQiXC1VXw+1S9tItCZ68/NjZscm9IV5p8tRb7n68y0a2P2Hx/mHutRW9GXTU5QUROkdRfZxheNhuBIQPH+rCF0XNtIA1DydUQoeOa4pPQs4dkaSLG0N26FTBlSZpCpf2xs6SDqEsniGhiOkSDpZE74E+CwPmpZYVBbLhi0kYne1f3nIlWSDdSABTDwWv+fVD4HmOPHOzhavL3gNWYjPNYZFtYtWYst71EBjy5OtgV7lft5Bm8cJPWERuANzRIrF9LxavPyOJLBt7QbwX3ECP6vRQ0u0jEeLAWZ1jKvri6NyZp1a53xcjEkf2IjnRoZptz1E2tigm58KxmKvrAWOlZCeSgHjfGKOCaSlMxwfAiqLI6d5wd5cMIPQXMN2fg/wo3SE0DpJbGbJ5uVxPBa03DydxYwVGtATJMbWTstr7Zy3CIC3DM3vJ0LWJdmTf4CD5VTza1PRq7kFQWWrSmNhND4MBLcLjN/IvhZbH1rlZ8G8jTjUAvBKTW8VCaK5WYsLRGbrPDBNCU/Vl1jumUg/Iez8ZMFoYvyKUBsMxR5nHTOCNlAwRuh+hIqk/SpoTUnaiGkJoCRF2tpVxAM63tjwSHjYLrcv9hPjFT3Bahp7IXGuge9TlJbNc0Ea5ETRRJtsihfW6FPcsosPYMz5l/bNcWmhHdHFBHmpdK8uA8XCzWLBcrlQ280YATWw2EdtHkWTBjfC53xsvNwWdDi6LYJ4dLxeKXhZBtyDQkQ17/0DDU02GeF++nSUI5/LZNATad8Bsw77n/xINz2PBrT7Vm2sfVAJtZGXbPqEV6LVQXPDj7D51x8UQD1rR9zEMPV2yBRFDJ9GYTSpiysJcVjEd9H8V4txCMD8u5A07PAXBrVGrjmii7Z4JOIjwJIiHVAVmG9NoEYpz6+SmXj/YXrAmKpbC19FpQWQTLzkeRx6LZsamtbcNr9AyerhmfkGG6BZj9byn1e7EFDtWhFt4CeSG44T5jPi1MJIYH9bHo62zSFVulNjn0dpVsq0JSPaf5MOeySBf/YNgb2iBrSggWHnizd3ZiteMcNRQ79h05ei5YaKSOJ6JcSyoSegABGnf/O0IAbY1kTk90YyZZ5X2/yjbs0YnnxRaCROO8pMQVRfEzWHM9ryfbIPQbtaC37AMmeFMtSU2KTVVlY2Ju9eQfY8CYu52R3ulNKeLZu8bI7PihK8TCKIXQ11O36bDs99DBu4KcmcqO4XF9LWlhZCpqxqzWUN5EaxWpstVDhSEl6m7emjo3opt7xPj5fv8C/nvlqFWjFBWk/0x0eITQhLtcmxdQnSkPKJW7YA5I2hUy3fUWehrEsLKeak8aztQLoMtUdJSs0VtGptIWXouslSZrUp1etdCSZtGpyl9H5Yhn4Kp1ssF/CsymJBOUDRvoixmeKev6MdJbOKl2rFvhAqakViPmYtNpOuEcGweDxRxjAYKZooTDomtinTCgoHv2cTsTjZmxwUbLLTkeMlCeA5+fk8B3nH0JWFH+/npX7YgaEmfJDE7EjBNS3V7+2uP7xbQvGT5D8l/hH+/AO/HPy5f6Ev/EnlebJNvI/8R/vXyP6h4jX4YceNVAAAAAElFTkSuQmCC'),
					('k3','Shoppe','Ha noi',300,20,'data:image/png;base64,iVBORw0KGgoAAAANSUhEUgAAAOEAAADhCAMAAAAJbSJIAAABTVBMVEX////tTS3//v/8///qOwD93936zsXtPhf//f////3uTCv9/v///v3sTS3///z8//3wdV7tSCbsRSDwSy7++vn1m477497rTivsNQDtTDHtPhPsTiiwCxKcCxDNChO0CxKFAACnChGVDBOLDhL97+jzoJL3AADuLwC+ChPJChKaAAC9CRKKAACjCxL1qaH6wrr5ybv61dH1wL/WAADjAAD6AAD0hnLFAACUAAByAAP47+98AADzfmfuWzTwY0b2t6nqRw/22c3wjHvva03uWyvwNhf759j3sZn1r67xnZ70nZfkeHv2DyHcbWj0gmXkr678mpj1nofPUlDgCRjzAxb2QEVcAABNAwL4foDblpftyspJAgC6YlhoAQXr39vnNTXlT03QnJnetbSjTE6sZV2/kJDEfHqoMzTDYFqrR0bwj3XXt7Dva1bwu6ntZUP62aEfAAAV/UlEQVR4nO1d/2PTRpYfaWRLGn2zRrY1khJIWhs3JPGXLQ3ExF/iFGi7e2yzdOkde+SOvXbvlgv8/z/eeyM7DSWxTL5YIadPgRIhJ/rovXnf5s0MIQUKFChQoECBAgUKFChQoECBAgUKFChQoECBAv+PQC1Xxf83eh1Aue7B3z3TUg1C1Jwf7Ypgu8Duu4oQsc7jONZag+Y+obZJ836wK0S5onHGooApCvwOfa4l7eotIlhOYj9higO/FMdxFCVyAoWLJiXUyPvZLgfTtVyLNioCRIcAbgzYhelXCudd4tmUmnk/58VhG55FysJXTiGQv1IwsUOI9TmL0fIMUhPMOWEXMZ/z4ORr5uiDBvW8vJ/z4nBVuhM7MxFyXQz2arXJgRbzVG0jFvl6g7h5P+fFYIGvs8lzjkx8J4h0bVKeGc+n7YEGkpTjESlaLv0M7appWy45fJJaGIeLdlVennp42vs2ZlKQAfddAhYpx0e9ICjx6EikZjN8sleFCyAnVTIEG0vIaGphWTKECOczNDeGS54KJ5AsxDPgZhoeEJTa6MHfXdLgOELDINAPifEZWht45ATpJRETZQJe43ewVFodOkn6BnrkA5/oWh4qQe8PiO++//GHH74rgQp4nuHeoDfhkaYu7aUvCX6khR5VqTlI7Ww4Jh9YGhVGZemPX3/9YIp7976596fvwb+SmzReaSMdZ4noEE/1Pn4yE6xONU7kUNSbH36W9P/l4cO7d+9uAjYAd+68uPfNn0oQ/nykCzniOY+kF9yBV3+GlhrUpiopidQxatUP/vHPQE9S29jYlAQBD3669yMxb0iEh46i0QoVJwiDEGK38+4DC3qoBxjz8Ca10RCpKmRa9C9317/6KhUdQhJ8eOfFT9/8tU9sz70BcrSA4YRHQeAwrUy9c9+7DQEb+BNwjJFmumkEbpLS5v3tlU2keGdKEUm+3Hjx8Kd733QouQlidD3D05TEUZh/IP3GOTAtm3QEBjeJ3pn5xDf3t7fXV+7OKM7E+PLnh3dQjP9K6A2wNiDCTgzZoMK03rwc0DZNiyaQGTOFDYnqqUbV+rdHq6vb62hlPqS4+/Pu1/AFaKp3AyoftkkOpC90Btk3j3QZ+Ig+8foA+urR/dX1lRU0pOlYlBQ31l7+fFfyvfdXkr/T8IjRStOJUfbNbhra6SOCBKtVq3//0crK+spUilMxbmy/fvnyxcaUopq3HFVaHks/12pk3ktJRbp9v0Ilw76lvnq0up5K8asTKd5Z2X35t/U7qRT/iGlLrrBJU2ZNyoBmWnYL1BQJDsZVKUIXDNO/P1pfmVGcDsY7m69fv/wbCnFj48W9Xu6VD3os4xnezL7VJnURBmxS7R8BP4RBSmur2ysr07E4pbjx+PXLn18iwY2NB/9Bco5PTRLLeCbuZjsviOcEuvx6/2hK0TBAiGBPT1EEjptbuzASf159sfHVxp17pWXQmANabclqk1bPZuhS8p4pgT456p8wNKrSZZyIESlurj9Gii9f39n4avPB98ugMQ91TWopRJuZ49C2IfwJgkh0UlOKDG3y6vEHFJHj3cdAEQbj682Nza//cwkkyPnBGKHl1MdxslD5RZqlUOuBIQWCtmEZlPx97YvV7RNNBY6bm2trKcddiMYfXBmN8+G61Cifh6YvtTTpnXvHadSQIWMH6CtsZFiFVOTN2uqHFO9urQHH3d3Xaxubdx/0r5+hQRtaDNDPAk/SAqJ+9j+fRqzH0h9GiT+QSmobIERXJW8eb6GmphyB5N3trS2U4tYGfPn1H66foUtqXDkHLEirvgELzrvlBNG0xh8yh1fAHQJD1aU4gP8OFLdTiijHlfUtoLi7vgkEV5bB0KCTcxleFPoehagNMhPIE4FiaQv8IkBShN9bW1+uoTzh7w//vAyG58vwonDiHaBo2JIhOPXqfz1ek2Jcx0AVGK6tf5XSXQZDMovMrhAs0nc8q0oNoAgpl2WCpq5traYk19dXt7ZWpM6urD9cgpZapK1fNcMoCfQ9SIuRIRhUFeKF/i+P5XBEkqtrj1YkVWC4hKAGIub4qhki+LENwbdtqmpaHydHv+ymJmf7/pfrU2w/vH6CwLBzLQwDPmyohkFnDOGPxq+Pdx9/uXr/zaP1VF3X7/9lCQwJ6Vy5liJYwFmduBidpjL0INkgr37Z3X3c/8f97RT3l2FoKOleC0MHUqlWl5rA0LAsYoH7r2I9svHrLvnv7RnDavYDXhoWKV+LlkqWYkI8w7ZsW7WQqe3a1So5egMZh8T9/yFLyPEtsn9tDP2Eh3XqSnYIDOa8KpkRXH30ahmdRibk5tfFMGKBL5rUqJ4CpFZbX0isPvonsZcwZwyuSjjZD3sazPc5wGdZNwZYa9WHdfIBxcaU4Rdbr+gyihgQUy3M0GFRwnXhH789bNYmz4cx9ioEYFKieaE5E5O+4Upy+NvtryG9L79Y/ecS6BGUoa0tSBCjMbHXOZXS9Ts1LngYKmzuS+Jau59qaP2oT8y1LyXWjpbD0KbmwpbGj5tVSihEKmAhbGK7OIpKhzxmytz0ioXxuNk3QIYwCl2SMtz6x3IIEpeaC0beTLw1iGVZtkVseC+256mmiyVdWna0uWPSCZyAa3udo8ZRqX5EIMlHhkurldJ0nj4LAYvL8n7PJhY1XYinbU+1CJAEsXZCHvnR/O/g660emFXD+983/9h6vPZqiR1G4SIMmUgr+1Q9Zf9solqu6tkgyKYWZTCUVUkbC3Ge4f76yzKc/QzDRRjyRvpIKvG6tffjeJxUmp0GxVYF14N8HtLMzFIHvCTg54Lrd42qR5dEEUbVgZ/1aPBw5anwGj9qOvcdJwp8rreS2j4llu0B+8F8e6pgENcgR1jeMCF+6/eXJkSP7GUxjEJ9greqLnnXOm2XHMbjZEQovKamHmbJ0Gl51aOqjQVaEGN/acPQJDtZDJNIk/O/lB5+FB2EofDfgWfUIiVL2Z0WMY76qa5jJLckgqpJsottvJbe/OzJGSycKD7YP/ZxjjsDGmT6/aqlLpmhPadgOkUi9mWEXBfRx2MNQzYW+8wJMm0pJxZYGsyIUUuXxRDSp+xi25h4pkooqPMiZvc8sASMC87a2Dbkif1ltTGCL2tnMfT30PUZrlCCT0xDPmQ4QJWRM1P9/tHSRAiRxSiLIW/DcDVJWQ8zPcI8YFMODHsMTo+Wp6MQR9PMUhR/Jt9EV3ec5DIM92QzJ6i7ianv0towaHaxTW9TiLWBYXA5GU6okUNnArzJzGIbOAuLWG5DKJlePePbLDMYnQF+ZGaxjR0QSCBcMrycDGE45wGTmL3MFFijKnFVUtYuyZDm0QJlYj9ClKF9kBrKNYaTWEmU+fn8PIYjYuVAERg2RDT/qR3/WPYqUFIZR8GFh6L+Lp+VmCrpi4x4K3C0ffk2KJloyWw++9MZdnNhaBqe3QrYXI6hEyTYX+oBxV4YX5hhmeQyEAGtbMXjz4ntmpYBHDuJ5gPnhWofp5BE8T7Jq7dbLPCwT95i75qFj0jLlZaeZKcSHyKMxALNY9eE2FEyvUCoY8xFLdt2PUqqo+MW/zQhAsNGbgwTZwE/h5O61LRhOKq44oD2R6H2KT0OjiOqmMnkggHLliHAF88ItdDcpMvySX2i6YvmU04ADLHAmgves8ViFUcfYMO3ZVuWlAVQbY/jhQrKuPo7tmleDCt+sJAHcHwWa80+ZFxpk72HTQijhXWVEzWvgbi3IEM/ZFGgi0pnOq9pQVDrEre2iC0G75JA/J7T8oOJ/0mRmB+PD0sYxtleWiWuK1zOvsz7UMT8BRZtXBdqn8ZQYQ7XeLOEA1FqHQRzImLz9cDB5TS5oel/WlbEGCQjXAxG00ka8CFNobD5uspYJT+Gz/TkkwIUdC7MCRgXTVkStGxK25oy93swhe3kx3B0wZ4hJ+DjDqE2FpfIzvwYhyn+JEeGl+io0fbk6nX4YzBX05mTJ8OufuHiROD7Ayx9gmcsz+3LYQutvLlGhheq1jsYbUZ8iO4RfONg7jcJcypESfTiyxQJFf4WPCP48lHsnP+mnGD8XX4MSwt31JyNVp2qafvYPIZ6Jz+Gl+1sAxtio/OP56QojhLnyLDRuhxDNqY45UK+ndsbFXfzY7h4Z9s5DEUfc2MyTII5xmbaj5MPQ22hDHgOw7TXZjCngY85Wi8/hqZ+qWq9oogq1sQJnzOvASl+PT+GxPcvJ0MOZoYSK57HMBTZy6WvD3PHDzxdoulRcHZ0niiBwn+klmHR+tzgL2rluQ9GOJ9hEpGuYGffEwVhoNWpC8n+/H6AQORIkAzn9wzhCOoP+Zkz3KESaU0ii2hz++McpuXJ8HguQ70JURnkyeKsu4IIsgsPC6H78+MGGKw5Yu/8rnQWBgfE8EzPoI2dlh9Ari4nG1mEdYsgSsSh/BY0o3ksDJI8Ge6cz9BhvI2dea5pUVkCTrCphoWh3APTj4e9dG6e9uZX3MIgx0IUFtvOfTIn8rU2cYmhEssj1O1UWlrMfQCP41alTGhaITTGGfkJdtPkh8PzGUYscuKDKsGuZ8NVPdydbPTDzvHxXm2EQYply1Uh9Jgr83tt/BwLUYS05yf5gT/uyP0FqfvRzIpKqGoTWskqfDs8xyJGJsMkSrRKA6RnWB8tcrGxA7o6zKzsO7MOznyQ0dkGmhr5reeglB/3ZoP9Id9p2SuEnDzLNMhwftSGG0AFXAxH/TNWYnXDmGV3ZYZ6jmUakt27N2U6FsNm+XRXYbU74QsWeRbZien6sCBDJwgTHrfGx5NmezRq/7AXCtyGdqG8hOm5MizHiz0laKOTJBEuztPl+jwnYBnTFSef5TkWMQhdkCFGJshJ1knxqXFdnnNG7/dZDPU8GZL9yxVMF0KcYxEDO9uunaCj5bonVPX6GUa5FjE8csmC6UIM+znuXGYutkDvUmB+Hh3QM7jzkosrgr9DctwJ24P09boZivJiG4ZdDyxsi7pegmxI1Ry38jQtsi/CBba7uii9MGk9za23VML2SDOOLrMeZi4iR4yomb1v3zUStMFhHC7QKXxB+KJNlrbs90xYcivYjvaJPbGL8tNZj8htzfKF5RHrma8J7coxfHczDr0wCJ6iUq2Xrhj1vHeZPQElqm1bV/+27fzVcwpcfkzty+13b/0OeM0wzRt00kOBAgXygUst2zJN1TPSdWWmpeIONDnvlX6VMDAxhYjDJdONt3DhvX2jTkm5JFzPSJ2gkZ6wouKxW9S8ASczXBU8Qhvdd++6T6d9957XG43q9i3xYaZcjT9o4V7OQtvpEYryPI5FrhNhVwnTdKvD2HcYh6yC+dqwhwsLKn6+U31XCUqqCU/8VlipOC09CPwHDe92MbTJHo/0PdlR53UrsT5BN3GbGHp1ofjP0xqYZZL9iuXeMi3FuV+tmnaL2HKK3iW3jGGN+8PpkkDPJSo2zJDbxbDJHUZdSVGFOMa28dTm28SQdmLsoMedHk9lvsCwSVy4ZHvub2f5mKbteqZNLTONWU3VoraLHTa4wZxNZ2dze65lwUdNS3Z+p7BsyK1tG8+TW3I0SMk4CAXOzZ5O7U9kiOdxnsQ2hjrdEZemlknFGGjaQCT3FpzdZ5/saXnyWY9Ys88uOVaySacVBvFxmZze7lbKsLsTcmfvVHOBR6qjClzb6cy+5lyUSHni6P772lP6232kVBvy5Lj923whCLezF/LBTnfZcxcw6katIPHjca3324+u+MHO4InPHObr49+mpttC95ni8FiTqwoo4b4+ei/8EPcVbk1m57JRY09w3wngWnv2PWmPxz5GTXqSw0RwmccsCrjgzSqMMU96i9APQg6xqp8ErRE1LBNU8iBOAq7Huu9gRynmITpzINjz9VjjuK11FZsULdpPeATXYh4pcYV4uGkkHQk/Sj8rj/pcOsfOUHAl8rlo41YCyJApoTh4V+5UNKa09nHg0T098LXD7n5nRwRMk9qrsyiJxEG31BuNfcaH8GF4QwPuxO/f9cptjbO4Brmm4fVEyMSku9/dacGwry97HhHzpHrzW+Ezpkd9HI8VPwqfoPmhpCwSluBRzR3B+HEV94Yk9SSKWjhjDTKMpJmilE6eRPozSlXa1sMnz1LbU+GBKOGJo4kfJXXZotkbB8Fg6WvywbrDT68fCl/hcYOiDJUn73C3eNDYro6b65rEV+DJqAeu0zb7QuFvKTIMtC7FT9sm3ePBWPU8ogXj2sycDBMICfF7BCeLSUoix+VP1Qp3/IEch7hPIl6CRMNRsC+0pClgN9N376KcYsnQP0jn5l08cCgCC0TLMYtL9RSld3qogYt57ieVxvRSH95EXguewXTscbk2qeL7b8n0LFHcNfI9xq9JOJ3hBCGDEFEoOtM7Mw9u0ArD5sM2D5w4nd0Rmh7heyFcCfzphI/QeJBbvzcELG4cYRMo+MMf0mvApq3jEzW5v0Pk7t0Ez6nWfV6WDKeGkYKm1jjGCYc8ZCxxHAd7UhMlwVYvoURhEDh4EbeJScY5McSAaoejSmJMk8YlKmokboXQ5n5lenwZxG1eHGILFzDsznwgoROOb6fJk0CP5QlZYzzlCtuEYuYnOsdrPIZ/05fZ7w2DxIDBNn1yDxnWPoi8KXDDPTk7esCnpx2DCGFUan1kCJyoQS0Vz1gPA2yvHOnThSN0+geEognLr3mWkmYVVDEdc7ahahE+5RkM+60wfpfuMO56YDpYRKQ/1AwT3DweMF4GS9OntC6SJ2VQABOCBJPa8r+aD4ppGuBqIXb38KS3JVJsClzYKceSi+dToz8+g6FHjv2wVSfpmTij2IlHkiHD/TohdzZxo2TQZsslQ5bwBnZ/Uxi2pSZasKci8XcgTvc8sLmkub/MHVzqrSTSBp00Qdgfcgaj7XSOb08ZWmZdKBDJoOq5Ew23yyVpTOMPZczdgWta3QNZlloR09Lg3DgUrTKq6Vvd4QdpbP70QPeXmUGZhyIJklh7P6lVxgJEErvo8ZMZQxCOtDTwCjoicPT4+eQYQswAz/yVDCEEFYOdyjgOGASw8k21haPE/HmtdqBhgIqX6AD+hj9k8q0IFG2Zg9ImvUEMeUDAuY8nTjt93DhQytBNGVKQ4bcQ37j0neBwI2YcMYfQUjJMhhoMSZ8FCgeC0+OLIcx2Ep9z3I5ovC832bMrwmFhek1UqkucMfAgzOwctOJ4DJmQiJ+lCerBE+1HOstyfxBxQkzLcEnjucATEWNxCN4Pw03wFr0u9rKDU6g0ZufpWqRRaWETOBdarYpnC8jCeiLwWtwadMkyI2/bw9MpjP1Os9bs7MPTGa5JzfJoVJqm5Catj9odihm8hyeStJujMjpOE5N7CFnhM/XOaNQB26J66nTew6DVzqjZHpVwK0mXqnJJGNzXbrfxfBPv/BPMbxZQhmCIb9E84+9RMPz8UTD8/FEwvA0QeutWM7S8TqfToDejdfRaAJkhNmx+JvHJReC6hgnZ8C3qLPo9IJ2F6PsWD8MCBQoUKFCgQIECBQoUKFCgQIECBQoUKJAX/g+BkU/h7G4F+wAAAABJRU5ErkJggg=='),
					('k4','larada','Ha noi',400,220,'data:image/jpeg;base64,/9j/4AAQSkZJRgABAQAAAQABAAD/2wCEAAkGBxMHEhUREREWFhAWDRUaGRAXGSIYGBobFRYWHxcYGRMaISkgGBslIBcVITIhMSkrLi4uGB8zODMtNygtLysBCgoKDg0OGxAQGzYlICYtLS0tLSstLy0tLS0tLy0tLS8tLy0tLTgvLy0tLS0rLS0uKy01LS0tLS0tLS0tLS0tLf/AABEIAOEA4QMBEQACEQEDEQH/xAAcAAEAAQUBAQAAAAAAAAAAAAAABwIEBQYIAwH/xABOEAABAwIDBAQHCBECBwEAAAABAAIDBBEFEiEGBzFBE1FhcSIyUoGRobEUNEJyc3SSswgVFhczNVNUVWKCk5SywdHjI/BDdYPC0uHxJP/EABsBAQACAwEBAAAAAAAAAAAAAAACAwEEBQYH/8QANhEBAAIBAgMEBgoCAwEAAAAAAAECAwQREiExBUFRcRMiMmGh4RUzNFKBkbHB0fAUcgYjQkP/2gAMAwEAAhEDEQA/AJxQEBAQEBAQEBAQEBAQEBAQEBAQEBAQEBAQEBAQEBAQEBAQEBAQEBAQEBAQEBAQEBAQEBAQEBAQEBAQEBAQEBAQEBAQEBAQEBAQEBAQEBAQEBAQEBAQEBAQEBAQEBAQEFL3iMEkgADUnQDzrEzERvLMRMztDXa3bKGndla10g5vboPNfj6guVl7YwUtw13n3w6mLsjNeu9piPczWH4hHiLc8Tw4c+sdhHEFdHDnx5q8VJ3aGbBkw24bxsulapEBAQEBBRNK2Bpc9wa0C5cTYAdZJ4LMRM8oSrW15itY3mWo1m8KngflZG+RgOsgsB+yHan1Lcpob2jeZ2d3F/x/PenFa0Vnw/nb5tkwrFYcWZnheHDmOBHY5p1BWtkxXxztaHI1Oly6e3Dlrt+k+Ur1VtcQEBAQEBAQEBAQEBAQEBBicXx+LDbjx5PyY5fGPwfb2Ln6vtLDp+XW3hH7+De0ugyZ+fSPGf28Wj4tjEuKHw3eDfSMaNHm5ntK8xqtdl1E+tPLwjo9FptJiwR6sc/HvYpy1Ybaqlq30Ls8Ty1w5j2EcCOxX4c18VuKk7ShkxUy14bxvDd8D2yZVWZUWjk8v4B8/wAA9+navS6TtOuT1cnKfh8nA1fZF6eti5x4d8fy2oG66rjCAgIMFtBtTDgt2k55raRNOv7TuDR6+oFTpSbOlouy82q5xyr4z+3j/eaNMcx6bG3Xld4AOkTdGDq0+Ee0+ay6GGla9Hr9HoMOlj/rjn3zPX5eUMSVvUb0PSkq5KF4kieWPHwm+w9Y7OC2OCt44bRvCOXFTLTgyRvHhKQNndv2z2jqwGO4CYeIfjD4Pfw7lzdR2XaPWxc/d3/N5bXdgWpvfT848J6/h4/r5t4jeJAHNILSLgjUEHmCuTMTE7S85as1naeqpYYEBAQEBAQEBAQEBAQadtFtC/O+GI5Q02c4eMTzseQXmu1O08tbzhx8ojrPf8nf0PZ9OCMuSN9+kdzV3Lz2+7sQ8nKcJPJylCTycpwyoctnGnDLYJtJNg9mg54vyTjoPiu+D7OxdXTaq+Pl1jw/hpars7FqOc8reMfv4/3m3Sh2ypakeE8xu8l4/wC4XHrXYpqsdvc4OXsjU0nlHFHu/h7VG1dHAL9OHdjQXH1BW+kr4q6dl6q87cG3nyahj228tbdlODFH5f8AxD5xozzXPapVnd3dH2Ljxetm9afDu+f95NQJv6eK26O7CkrbonCgrcolCkraokpK26JMtgW082AHwHXivrC7Vp67eSe0ee6o1mlwZa75OU+Pf82jrezMGrj142t4x1+f92THhtYMQijmaCGyRtcAeIzC9ivJXrw2mr5/nwzhy2x26xMx+S5UVQgICAgICAgICAgIIp2gNqmb5d3tXi9d9pv5va6L7PTyhZtqLcfStSce/RfNPBXmDuChtMdUdtnm5Zhl5OU4ZUOWzjThQVu40oUFblEoUFbuNOFBW7RJSVuUThSVt0ShQVuUShQ85eK2YtFY3lKFtJU+T6VXfW91PzWRXxeBObitWbTad5lNPWyHvKm+bM9i5Gf6yXzXtP7Zk/2ll1U0RAQEBAQEBAQEBAQRTtD75m+Xd7V4vXfab+b2ui+z08oYwqiG2pJsrNonqztuqE3X6VGcP3UZp4PpN1XtMTtKG2yhy2MacKCt3GlCgrcolCgrdxpwoK3aJKStyicKHGy26JQtJqsN8XXt5f8AtTnURHKq2uOe9aOeX8Sqpva87zK2I2fApwy+q2BPeyHvKm+bM9i5Of6yXzXtP7Zk/wBpZdVNEQEBAQEBAQEBAQEEU7Q++Zvl3e1eL132m/m9rovs9PKGMKohtqHK2EnmVZDKnNlU+GLcpZ2ieqoS34rEYtuiPB4KitijCgrcolCgrdxpwoK3aJLSesbHoNT2cPStmLxC+mOZWEs7puJ06uSzxzbqvrWK9Hmp1SfQrYH0K6B9VsCe9kPeVN82Z7Fyc/1kvmvaf2zJ/tLLqpoiAgICAgICAgICAginaH3zN8u72rxeu+0383tdF9np5QxhVENtQ5Wwk8yrIZUOVsJKCrIZUh5arIZ2iVbZQeOi2KSjwvGprGwcTc+SP96LfxwtpjtZi6isdPpwHUP6nmtmJbVMdardWwsfQrqj6raj6FbA+hXQPqtgT3sh7ypvmzPYuTn+sl817T+2ZP8AaWXVTREBAQEBAQEBAQEBBFO0Pvmb5d3tXi9d9pv5va6L7PTyhjCqIbahythJ5lWQyocrYSUFWQyoKthJ5uVkMww8/jO+Mfauni9mG7T2YUrYhJ9VsAFdUfVbUfQrYH0K6B9VsCe9kPeVN82Z7Fyc/wBZL5r2n9syf7Sy6qaIgICAgICAgICAgII02sw+Skne9zT0b5CWv5a8r8j2LyXaWnvTPa8xymer13Zuopkw1rE84jaYYErRh0lDlbCTzKshlQ5WwkoKshlQVbCTzcrIZhh5/Gd8Y+1dPF7MN2nswpWxCT6rYAK6o+q2o+hWwPoV0C4oqOSveI4mOe88GtFz39g7VPiisbyry5qYqzfJO0e9PmA0bsPpoYXWzMga024XA1suTktFrzMPmmszRmz3yV6TMyv1BrCAgICAgICAgICAgoljEwLXAFpGrSLg94KxasWjaY5JVtNZ3rO0tPxzYvNd9KbH8iTp+y48O4+kLiarsmPaw/l/Du6Ptnb1c/5x+8fx+TSamF1O4se0tcDq0ixHmXHmlqTw2jaXoaXrevFWd4eBUoTUOVsJKCrIZUFWwk83KyGYYefxnfGPtXTxezDdp7MKVsQk+q2ACuqPqtqPoVsDcNmNgp8XtJNeGDrI8Nw/VaeA7T6Co3zxXlHVw+0O3MOn3pj9a3wjzn9o+CVMGwWDBGZIIw0c3cXO7XO4n2LUvkted5eN1Wszaq3Fltv+keUMgoNUQEBAQEBAQEBAQEBAQEFhi2DxYs3LK25A0eNHN7nf04KjPpseaNrx+PfDZ02ry6e2+Ofw7pR7j2y02FXeP9SHywNR8ZvLv4dy4Wo0GTDzjnHj/L1Gj7Txaj1Z9W3hPf5T+zXStaHUUFWQyoKthJ5uVkMww8/jO+Mfauni9mG7T2YUrYhJ9VsAFdUZPA8Cnxx+SCMm3F50Y34zv6cexT4ojq1dXrcOlrxZZ28I758oSvsvsLBgtpJLTTjXOR4LT+qzr/WOvcq7ZZno8X2h23m1O9KerXwjrPnP7fq2xVOKICAgICAgICAgICAgICAgICAg1fH9jYsQu+G0UvV8Bx7WjxT2j0Fc/UaCmT1qcp+Euxo+2MmH1cnrV+Mfz5T+cI7xPDpcMfkmYWu5Hke1ruBC5N8V8c8N42eowajHnrxY53j9PNZFShsPNyshmGHn8Z3xj7V08Xsw3aezClbEJK4ozMQ1rS5xNg0C5J6gBxKthi1orG9p2hIWy+7Z01pK0lreIp2nwj8dw8XuGuvEKfE8xr/+Q1rvTTc5+9PT8I7/ADn4pLo6SOhYI4mNYwcGtFh/97VDd5PLlvltN7zvPjL3RWICAgICAgICAgICAgICAgICAgICC3raKOvYY5WB7DyPtB5HtUb0reNrRusxZr4rceOdpR/tDsM+lu+mvIz8kfHHd5Y9feuXm0Nq86c48O96fRdtUyern5T493y/TyaW8ZdCLEGxB4gjiCOS1Yd6OfOGGn8Z3xj7V08Xsw3aezDPbM7H1G0BDmjJBzncNP2W8Xn1acQtisbudr+1sGkja072+7H7+H95Jb2c2Wp9nx/pNvLbWZ2rz1gH4I7B61a8Vru08+rn152jwjp8/wAWcRzxAQEBAQEBAQEBAQEBAQEBAQEBAQEBAQEGEx/ZiDG9Xtyy20mbo7uPJw7/ADWVGXT0yc56+LoaPtLNpeVZ3r4T0/DwYXB929NRP6SZxnNyQxwDWDvZrm85t2KVMUVjZv6n/kGoy04MccHvjnP59395t0a0NFgLADgrXBmd+cvqMCAgICAgICAgICAgICAgICAgICAgICAgICAgICAgICAgIPOonZStL5HtYwcXuIaB3k6BZiJnlAtKfGqapcGMqYXPJ0Y2RpJ7gDcrM0tHOYN1+oggICAgIOa3b2cVAP8A+lnD8kz+y7f+Fh8Pip45dF4ZKZ4YnuN3OhYSe0tBOi4to2mVy5WAQEBAQEBAQEBAQEBAQEBAQEBBqW9j8U1fyLfrGLY0n11UbdEGbqmgYtR6f8V/1Mi6ur+pt/e9XTq6gXCXCAgICAg40k4HuK9LHVruvsF97w/No/5AvOX9qWxC9UQQeNVVMo2l8r2sYOL3uDWjvcdAsxEzO0DDx7a4dI7KMQpr3t+Fb7b2VnoMv3Z/JjeGa6ZobnzDJlvnv4NrXvm4W7VXt3MrVmM00hAFTCSSAAJGkkngAL6lZ4LeBuuaioZStzSPaxo+E4ho14alYiJnoLX7d0351D+8b/dZ4LeBufbum/Oof3jf7pwW8Dc+3dN+dQ/vG/3Tgt4G65pauOsGaKRr2g2LmODhfTS456j0rExMdR7LAxeJ7R0mEnLUVcMTvIfI1rvok3U64r29mN2N1WF4/S4ubU9VDKRxayRriO9oNwlsd6+1GxuuaqvioyBLKxhI0D3Bt+651UYrM9IZVUtbHWXMUjHgcSxwdbvtwSYmOo91gW1fiEWHNzzysiZ5cjgwelxAWa1m07RAxdNtlh9S4MZX05cTo3pW3PYNdVZODJHOaz+TG8MdvXN8Iq/kW/WMU9L9dVi3RB26v8bUfyr/AKmRdTVfU2/verp1dPrhrnxzg0XJsAOKDBTbaYdC7K6vpg4HUdK3TvsdFbGDJP8A5n8mN4ZeirY69okhkZJGeD2ODmnuc3RVzWaztLLwkxinjJa6ohDgSCDI0EEcQRfQrPBbwN3z7d0351D+8b/dOC3gbuQ5OB7ivRx1a7r7Bfe8PzaP+QLzl/alsQvVEa7tztXHsjTGd4zSOdliivbO8g8TyaACSf6kBXYMM5bbQxM7ObMdxyp2nmElRI6WRz7MjHitzHRkcY4chpqedyu3jx1x12ryUzMyy0O7bFZ25xQvykXs58bXfQc8OHdZVzqsMf8Ar9WeGXjQ41W7IdPRyNkZHLTyMfSSggWka5vSMB8U63zDR1ufJbHjy7Xju74N5jkxuyjAK6k0H4wp/rmKzLP/AF28pYjq6G3tYdLiuGSxQRuklMkJEbRckNlaTp3Arj6S0VyxMytt0QL9wmI/o6f6C63+Ti+8r4ZPuExH9HT/AEE/ycX3jhlr/RjqH++1Xbyi6E3DUb6XDnl7C1slc97L6ZmdHE3MOy7HehcfXWicvLwXU6Nd3r7yZGSvoaGTI1hLZqhp8Iu5xxuHihvAu430FrG92l0sbcd/whG1u6EZYLs/VbQOIpaeSV1/CcPFBPlSuIaCe03W9fLSketOyERMsjiOw+J4G3p5KSRgYb9KxzXlltc14nEtt18lCuoxX9WJ/v4s8MwtNotpp9pWQNqSHvgY9om+E9ry0jMOGYWtfnz1uTLHirjmeHvYmd0qfY8C0FX85j/kWh2h7VfJZTo2zeVts3Y+AZAH1UtxFGeAt40j/wBUXGnMkDrI19Ng9Lb3R1ZtOznatrKnaScOkdJUVLzYCxc488rGNGg46AABdita468uUKucs2d2mKlub3C7Lbhnjv8AQz39Sq/ysP3v1Z4JWkW0VXhNPUYbLn6F7Mpp5bh0Tg5rgWh2reHi8De6lOKlrRkj4d5vPRdbq/xtR/Kv+pkUdV9Tb+95Tq6VxXEI8JhknmdlijjLnO7B1DmTwA5khcWtZtMVhc5p2525qNrXnM4x0oPgUwPg2B0MlvHdz10HLt7eDT1xR7/FTNt3hhOwmI4uwSQUTzGRo5xbGCORb0jm3HaNFm2oxVnabEVmVUcWI7v52ymOWnkJ56xSW+C4tJZIOOl7jiLaFJnFnrtvv+pzqweLVX2znmnLQDLUSSFvEAyPLrA87XsraRw1ivgxMrXIOoehS3lgk4HuKR1HX2C+94fm0f8AIF5y/tS2IXqiOeN+WKmuxHoLnJTwMaG8s0gD3nzgxj9ldjQ04cW/iqvPNtm4jZljIXYjI0GV8jmRE65GM0e4dTnOzC/U0dZWvrss8Xo46d6VI70trnptR3nbLs2kopPBHuiGNz4ZPhAtFyy/kuAsRw4HkFsabNOO8eE9UbRvDnfZU3raT/mFN9cxdnL7FvKVUdXWy88vEEOb5NvsufDaV+trVErTwvxhaevyurxeu3S0em/+lvw/lXe3c1DdfsKdrJuklBFFE8Zzw6Rw16Jp6uGY8gbcTcbGq1Hoo2jrKNa7p52prxs/QTzRgN6GkdkaBZoIbaMWHAXyiy5OKvHkiJ75Wzyhy3g+Hvxmoip2u8OadrM51tnd4Tz121ce5d69opWbeCmOcusMFwqLBIWU8DA2JjbAcz1uJ5uJ1J5krz97ze3FZfHJeqI5330bMx4DWMlhaGw1LHO6MaBr2FvSZRyBzMdbrLl2NFlm9Np7lV42ltn2PP4Cr+cx/wAi1+0Par5JU6I/3q4qcWxSoJN2xPELR1CLRw+mZD51uaWnDij380LTzSvuV2YZhdG2rc0GpqW5s54tjv4DGnkCAHHrJHUFz9bmm1+HuhOkbQkVaaaO99OzDMVon1bWgVNM3NnHF0YPhsceYAJcOojtK3NHlmt+HulG0bwiTdX+NqP5V/1Mi6Gq+pt/e9XTqkf7IHFTBT09K02E0znv7WwhtmnszPaf2Fp6Cm9pt4funeeTTtzGzLMfrHSzNDoaZjXdGdQ57y4Rhw5tGV7rdbW8rrZ1mWaU2jrKNI3l0SuMtWWM4VFjcL6edgfE9tiDy6iDycDqDyIUqXmk8UEuUMaw52D1E1M83dFO9hdwvlOjrcrix869BS0XrFo71ExsslJhTJwPcVmOo6+wX3vD82j/AJAvOX9qWxC9URzRvgpzT4tUkjR4ie3tBiY32tcPMu3o53wx+Km/VLO5GtbU4VHG0+FDPMxw6i6R0g9UgXP1tZjLM+OyynRvy1Elhj9e3C6aad5syOne4+Zp07zw86lSs2tEQS5X2TFq2j+f031rF383sW8pUR1dbrzy9Hm9jbz7mo/c1O4e7ZW8fyTD8M/rHg0eflY7mk0/pJ4rdI+KNrbIa2K2Wl2wqRCwkMHhTTnXI0nU3PF7jcAczc8AV0s2WMVN/wAoVxG8unMIwyLBoWU8DAyKNtmtHrJPMk3JPMklcO95vPFbquYTedTmpwqsaOIpXO80ZDj6mlW6adstfNi3RzzsLXNw3EaSV+jG1bATyAfduY9gzX8y7Ges2x2iPBTXq6tXAXiCFPsha5r5KSAEZ2slkcOYDyxrPTlf9FdPs+s7WsryL/7Hn8BV/OY/5FDtD2q+TNOiLtuqY0mI1jHcfd0rvNI8vb6nBb+Cd8VZ9yu3V0LuxrW1+F0jmHxaZsZHU6LwHA+dvrXH1NZrltv4rq9G0KhlrG8ytbQYXVuefGpXxjtdMMjR6XBX6as2y128WLdED7q/xtR/Kv8AqZF1dV9Tb+96qnVu/wBkPTnNRyW8HLO2/Uf9IgecZvQtbs+fajySu8/seaxrJauEnw3xQvaOsRmQP9GdnpTtCs7VnzMabFzFgg5T27rW4jiNXKw3YapwBHAhlm3HYct/Ou/grNcVYnwUW6sErWHxwuLdiCWaPfbJSxsj9wMOSNrb9MdcoAvbo+xc+dBEzvxfD5rONfYbvrkrJoojQtAknjZm6Ym2dwF7ZNeKhbQRFZni+DMXZHfhsk7FIm10Dc0sDC2Ro4uiuTcDnkJJt1Od1KGizRWeCek/qXjdFWxO2E2x8xliAfG8ASQE2a8C9iHC+VwubGx4nQroZ8FcsbShW2yXIN9dA9mZ8VQ19vweRrr9zg+3psudOgyb8phPjhHu8LePLtePc8UZipMwJZe8khbqC+2gaLXyi+ouSbC25p9LGL1p5z+iNrbtX2W9+0n/ADCn+uYr8vsW8p/RGOrpXbvaT7laOSpDM7wQ1jeWd5s0u/VHE9y4uDF6S8VXTO0OXa+skxGR80zy+Z7i5z3cST7BytwAAAXdrWKxtHRRKUdkN5lBsrTtp4aOoJ4vlOTM95Grj4XmA5AALQzaTJktxTMfFZFohm/v40v5pUeln/kqvo+/jDPHDb9jNrItt4ZXshexjX9G5kljfM0E+KTpYrXzYbYbREylE7ufNuNl37KVT4HAmEkmGQ8Hx8tfKbfKR1i/Ai/XwZoy14u/vVWjaW87E74ThsTYK+N8oY0BtRHYvyjgJGuIzEeUDc8wTqdXPouKeKnL3JRfxZ/F99lJCw+5oJZZbaZwI2A9puXeYDzhVU0F5n1p2Zm8IWxvFZscmfUzuzSSO1dazfBAs1o5BoLdO0X43PSpSKV4aq5ndL/2PP4Cr+cx/wAi53aHtV8llOiz36bJOzjEoW3aWBs4HEZdGSnst4JPLKzttPQ5429HP4MXjvaZsBt5Nsa9wDelppHXfATYg2AzsdydYAEcDYcOK2dRp4yx4SjW2yUfv1YfkzdFU5/yeRt/pZ8tvOtD/Ayb9yfHCL9vtu5ttHNbk6OmjJcyAHMb2I6SR3M2JHULnje639Pp64Y96FrbvLdX+NqP5V/1Miar6m397ynVPG8bZj7q6J8LbdM1wkiJ0GdoOhPU4FzezNfkuVp8vor793ettG8ObcMxCfZypEsd46mGQgtcNQRo5j29R1BC7Vq1yV2npKnpKZsI32UkzB7qgliltrkAkYT2G4cO4jTrK5t9BeJ9Wd1kXhgdtd8RxGJ0FBG+IPaQ6pksHhp49G1pOUnyibjqB1FuDQ8M735+5ib+CJy3JoRYjSx0tblZdBWIJi+8Sf0kP4f/ADLnfSMfd+PyWejPvEn9JD+H/wAyfSMfd+PyPRrjDtyRopY5fthm6Odj8vue18jg61+lNr24qNtfE1mOH4/JmKJfXOTRztZuipcaeZad5ppXG5DW5oieZ6K4ynuIHYVuYtbekbW5wjNIlqce42oLrOrYgzyhG4n6NwPWtj6Qr934o8DdcD3WUuDQTMa4vqpaWSP3XI0HJ0jC0mOMWDRr13OozWWtfV3vaJnpE9EorENfwncocOnhm+2GboqiOTJ7ntfo3h1s3Sm17WvZXX1/FWY4evv+TEU2b5t1sz91tKaXpuivKx3SZM/iG9suZvtWpgy+ivxbbpTG8I5+8Sf0kP4f/Mt36Rj7vx+SHoz7xJ/SQ/h/8yfSMfd+PyPRn3iT+kh/D/5k+kY+78fkejb3u82N+4uKWLp+m6SbPmydHbwQLWzOvw4rU1Gf01onbZOsbMztBgNPtFEYaqIPZe45OaeTmuGrT2+bgqseS2Od6yTG6KsU3GuzE01aMnJkzPCHfIwgH6IW/XtD71fyQ4Hpg+44NcDV1mZg4xwsyk/9RxNh+zftCX7Q5erX8yKNg2u3VRY22njp5m0sVPE9ojEXSXzlpJLi9pvpqTcm6pw6yaTM2jff3pTXdlt3exP3FslZ7o6bpZGuv0fR2ytta2Z11XqM/ppidttisbNskYJAWuALSCCDqCDxBHMLXSRhtLuYpq9xko5TTkm5iLeki/ZFw5npIHIBb2PXWrG1o3QmkNfp9xs7nf6lbEGX4tjc4+gkD1q6e0K91fixwN0h3WUtHRT0sLiJ54g11Y9oe+we11g0FoDbtHgi3K97LWnWXm8WnpHclwxsxeym6I7PVcNWa7pOie49H0GS92Ob43SG3jX4clZl1vpKTXh6+/5MRTaUorQTajtnu9pNrD0jwYqm1vdEdgTbgHtOjx6+ohbGHU3xco6eCM1iUeTbjagO8CtiLb8XRuafogn2rcjtCvfX4o8DaNk90FNg72zVMhqZWm7WluWIHkejuS8jtNuxUZdbe8bV5fqzFIhjcY3LHEqiaf7YZelqZJMnQXy9I9zrZulF7XtewVlNfFaxXh6R4/Imm6z+8Sf0kP4f/MpfSMfd+PyY9GmdcxYICAgICAgICAgICAgICAgICAgICAgICAgICAgICAgICAgICAgICAgICAgICAgICAgICAgICAgICAgICAgICAgICAgICAgICAgICAgICAgICAgICAgICAgICAgICAgICAgICAgICAgICAgICAgICAgICAgIP//Z');
					
					
					delete from kho

-- iventrory
delete from inventory
insert into inventory(mak,maHG,namSX,soluong,tongtien)
		values
				('k1','hg1','1-1-20',0,0),
				('k1','hg2','1-1-20',0,0),
				('k1','hg3','1-1-20',0,0),
				('k1','hg4','1-1-20',0,0),
				('k1','hg5','1-1-20',0,0),
				('k1','hg512','1-1-20',0,0),
				('k1','hg11','1-1-20',0,0),
				('k1','hg12','1-1-20',0,0),

				('k2','hg1','1-1-20',0,0),
				('k2','hg2','1-1-20',0,0),
				('k2','hg3','1-1-20',0,0),
				('k2','hg4','1-1-20',0,0),
				('k2','hg5','1-1-20',0,0),
				('k2','hg512','1-1-20',0,0),
				('k2','hg11','1-1-20',0,0),
				('k2','hg12','1-1-20',0,0),

				('k3','hg1','1-1-20',0,0),
				('k3','hg2','1-1-20',0,0),
				('k3','hg3','1-1-20',0,0),
				('k3','hg4','1-1-20',0,0),
				('k3','hg5','1-1-20',0,0),
				('k3','hg512','1-1-20',0,0),
				('k3','hg11','1-1-20',0,0),
				('k3','hg12','1-1-20',0,0);



--  hang
delete  from hang where maHG=''
select maHG ,tenHG,gia  from hang where 
select 	* from loaiHG				
select hang.maLH,count(maHG) as soluong from hang group by maLH 


select tenLH,count(maHG) as soluong from hang,loaiHG 
where hang.maLH = loaiHG.maLH
group by loaiHG.tenLH 
insert into hang(maHG,tenHG,namSX,maLH,maNSX,tinhtrang,mota,thetich,gia,anh)
			values	--k1
					('hg1',N'Máy sấy','','lh2','NSX1',N'Tốt','',1,100000,'https://cdn.boba.vn/static/san-pham/suc-khoe-va-lam-dep/thiet-bi-cham-soc-ca-nhan/may-say-toc/may-say-toc-chaobao-2000w/1dsad3254t.png'),
					('hg2',N'iphone 10','1-1-20','lh1','NSX1',N'Tốt','',1,100000,'https://syimports.com/wp-content/uploads/2020/11/iphone-12-pro-family-hero.jpeg'),
					--('hg5',N'','1-1-20','lh','NSX1',N'Tốt','',1,100000,'upload/images/4.jpg'),

					('hg3',N'Đền học','1-1-20','lh1','NSX1',N'Tốt','',1,100000,'data:image/jpeg;base64,/9j/4AAQSkZJRgABAQAAAQABAAD/2wCEAAkGBwgHBgkIBwgKCgkLDRYPDQwMDRsUFRAWIB0iIiAdHx8kKDQsJCYxJx8fLT0tMTU3Ojo6Iys/RD84QzQ5OjcBCgoKDQwNGg8PGjclHyU3Nzc3Nzc3Nzc3Nzc3Nzc3Nzc3Nzc3Nzc3Nzc3Nzc3Nzc3Nzc3Nzc3Nzc3Nzc3Nzc3N//AABEIANEA0QMBIgACEQEDEQH/xAAcAAEAAgIDAQAAAAAAAAAAAAAAAQUGBwIDBAj/xABAEAABAwMBBQYBCQcDBQEAAAABAAIDBAURBhIhMTJBEyJRYXGBkQcUFSNScqGx0SQzQkNiwfCCksI0U2Oy0iX/xAAYAQEBAQEBAAAAAAAAAAAAAAAAAQIDBP/EACARAQEAAgEEAwEAAAAAAAAAAAABAhESAxMxQSFRYYH/2gAMAwEAAhEDEQA/ANiAKcIOVEDCYREDCYREDCYREDCx/UurrRpwtjrpHSVT97KeLe/Hjv3D3WQcCCTgdV836iqBddYXSplc+RvbODSegG7+yDbNu+U/T9bVCnn7aicThrpwCw+4JA91mzcOAc0hzTvBHVfN1BQ077bVzStPdzgrZnyYfSN801G25VE7bbTF0ULYyWOn6kOeDtbLc4GMZ88YQbGLSOIwmFTVdFLaad9VaGSSdmNuSjLyRMwcQ3J7r/Dx4Hjus6OqhrqWGrpZBJBMwPjcP4gd6DuwmERAwmERAwmERAwmERAwmERAwocO4/0UqH8jvRBf5RQiCiHDKI3kRAREQEREBEXTW1lPQUz6isnjghYMukkOAECsmEFFUTH+XE53wBXzNQudUPrKt24vJcfUnK2fqn5TqKrpKq22SlmqDMwxmo/dtbndkDifwWrGRVdHC9mzhruhQZDa6CqrLM+no4w+aXJGTjctpaA7KxaIpo7lNHC+nMrpW7Qy3LyeHHOMblpikvlbTwxR0IfBUwuLmSxPwfgt62qz0VwsVK+sfPO+WBvbPbWS4c7A2uDscSd2EFFdvlLghe9lrpHyyNOO0m7oHtxXm0Hq6GOrqbZWuIimqnOppGt2Ws2jnBGe6Cd+OG8qj1bpWSw1Essbv2EN24nvdv4gbG/i7f7rKdF6btdx0RSxVkcb55C+aR8Z78T3OO7PiBhFrPMb8dUWDh980e7Zl7S6WcfxfxxD/OhyPMLKbTdqK7UrZ6CdrxjLmcHN8iER7kTrhEBERAREQEREBQ/kd6KVD+R3ogvkREFE3kRG8iICIiAiIgEgNJPQZXz38omrpNR3d8UD3fRtO7ZhaDukI4vPqt5al+dOsFfHQf8AUyQOZHvxhzu6DnpjOVqaL5F9W4a/YoC0791TnP4KWrI1/TzTQnajyPZcpa2aY98lbTb8mF9pYC19vZK4D+W8FYleNHXuin2pbPVsbni2IuH4ZWOUa41jjaOdzdtrXbuqyTQmsavTVyEc0jn2+R2JoidwH2h4FW1somGhLJI+9jf5LC7xA2nrXtZwB3Y6Le4zqvpsfN62kadlk1NMzaG0A4OBWJ12k6m21LrjpWZ0M3F9K49yQeA/Qrl8ldY+t0fTiQ5dA50WfIcFl53/AByqjGLLq+nqZvo+8RfR9dnYLJRhjz6nh78ehKi7aTAqTX2KU0NcMnZacMf4jHT8lbXqx0N6h2K2IF4HclaMOb+o8ljTKm96RLWVYNxtLe62Qc0Q9f1+PRB7bZqx1PUfR+pYjQ1TdwlIwx/mf1G5ZUCHDLSHNIyCDux6qpZJaNVW7IDamPw3h8bvzBVEaK86UJktrzXWxpy6B28sH9PUe27yQZmiq7Jf7feYwaWUNl/jhfuc39R6K0QEREBERAUP5HeilQ/kd6IL5ERBRN5ERvIiAiIgIiIC5RPkhOYJHR784ad3w4Liiml290V1qWfvGRSt8eU/57L0su8ZH1sD2nyIcP7KpUJpNrCp+hK5mzVU8UgPSSA/nhYZqP5M9I3hrpaaofb6g8HQu2m+7Hf2wskyepKhS47amWlBouwO05an2907Z/r3ObM1haHjocHgr9T4eShWJRHYdkEAg9CNyIqjFLppN8dUbhp6o+ZVXHshuY4+R6em8ei8ls+UGmiq327UtPJbqyN2z2pYezd5n7P4jzWbKuvtjt1+pjT3KmbI3+FwHeZ6FBWXPT1BecV9pqGQVJ7zZ6dw2XHxOz+Y3+q8lLqWus9S2i1PA4N4MrGDiPE+I8xv8lil00ddtKyOq7DXTtp279pjtzfJw/uvZRaqulTb3Q3i1sudO1uZRE36xg+0QN/uBjzQbLgmiqImSwSNkjeMtczeCua1Pbb/AEdI91Rpq47DM/W0FWNk58uh/NZ1p7VVvvTGMD2w1RH7snIcf6T19OKC+RPh8VKCFD+R3opUP5HeiC+REQUTeREbyIgIiICIiAiIgIiICIiAiIgIiICIiBv37zv4rGbzpKOab59ZpDQ1rHbQLCWjPl9n8lkyINcVYtVfN8z1xaI4qwd1tfEzs3O+85v57x6KLn8nDjCJrBcGEkAsMhwSOneG53uPdZ9cbdSXKAw1kIkZjcTxafEHosSkobzpNxltjzWW0HLoTk7IPiOnqPcIMYdqnWGkaxkV+b87pS3dHJg7QG7uPG/45WZUGvrVPsitZNRE9ZBtNHuOHusR1NemXuv7ZjSxkbQ1rH4JaRx/FUMs8MZa6qDnxbwWRnDnE8AOPVBvdj2SND43BzHAFrhvB90fyP8ARY58ndJX0WlKaG5ROhftOdHC/mjjJ7oPhw4LI38jvRBfIiIKJvIiN5EQEREBERAREQEREBERAREQEREBERAREQSNyDcMjh1UKp1PeWWO1SVRLe1PdhaTxd+g4oNe66FDR6hkioe0fJKO/E12GskPX0AySFY6C0vBXSi7V8fashf+yhwwHOHF2PAdFjdittTqG8saZHCWpJdLLjfDBnvO+8eA9R4Lc9NBFTU8dPBGI4omhjGDg0DcAi27dih/I/0UqH8jvREXyIiCibyIjeREBERAREQEREBERAREQEREBERAREQERSM53HCDi57Y2ue9zWtaCS53ADx9lpzVl5df72/m+Y04w0Y6Z/Nx6LLPlHvpp6cWijd+0TY7TZ4hv2ffr5Kr0FYm1lf84lZtUtG7e4j99Nx/Dj8B0QZboyy/RNuMlSzZrakB8w+wOjPZZBw4qEQFD+R3opUP5HeiC+REQUTeREbyIgIiICIiAiIgIiICIiAiIgIiICIiAq+/XaCyWyWsqMEt3Rszve85wB/nAE9F66mpgpKeSpqZWRQxtJe9x3ALUOpdUM1PdCyJj22yjG48A88c+ROPYZQeWCOuvN0a5uHV9dJhpxkRtPF5HgBv9AB1W4rTbae0W+Ggox9VC3GTxcepPmTkk+Kxz5PrI6lpnXasZipqh9W1w5Iug8s8fgsuznigIiICh/I70UqH8jvRBfIiIKJvIiN5EQEREBERAREQEREBERAREQEREBdNbVQUNJJU1bwyGNuXEjPtjqfJRXVkFDTunqnhjGjrxJ6ADxWsL9dqnUr5Jjllup27XHu48SeueHn6IKnWWo7hqmrbSUzHxUIdhkYcMu34y7xP4Dz4r3aP09HcrjHb2N//ADqIdrVvA3TP+z/qI9mjHXfUUUcpjY6FplrKp3Z0zG9Qdxd5DIwPIFbh0zZo7FaYaNh2pM9pO/7bzxP9h4AAILRoDQA1oaBuAHRERAREQFD+R3opUP5HeiC+REQUTeRFRs1VbN7X9uzH2o/0K749RWuThU4+9G4f2U2ulqi8TLvbn8tbBnwLsfmvSKiJzQWSNcD9k5S2TzSS307EXEPB6FcumSszqYX21cMp6EU+qjI8QtxgRPZSghFKhAREQF11VQykp31EpOwwZOBkrsXGRjZYnxycj2lp9Cg11dHv1Ve20jq1sEBOxTRP3GQjHaNPgRkZ8Tu6Kv1G+lfOyyW8lttofra2VnM9w3f7jyjwySOCwq+wV9o1DPQYc2amlyx4O8jOWuz5g59/FXFtbLdaq32OGGZk1XOJKtxdxb1cD0aG5wfE54oM3+T21Oq5zfquMMABjo428rGjdkeQHdHlk9Vnv5LjDDFTRNgp42xwxgNY1owABuA/BckBERAREQFD+R3opUP5HeiC+REQaW2DtnduVjQWaeqw9zXRsxnJG8j/ADqV21dbZLE7NbX0wn6NcS4j7rG7z+Cx2760+euMVvs9ZchvwKz6mn4f9sc4++SV55yvh3uozGijsVNJs/OY6iVvMIgZnA+YYDhX9LUUD2gCYxg8BLE6PP8AuAWmKnVmrnRtjbUWu2xt3CONrAB7O2gvdYNW3unna24VlvuFM4/WMjLGPA64DcB3oQVnLp1rHONzmLZOyR0yF1TM2YXl5wC0+yW6ZjqKORh2oiAYyckkEcF3iB73bb8eTTwC8+9V2mrPli1LSXZzQ75y+Nn8O27Jx6L3fNru0AtrY3+Tm4V381cTnj4qHUrhxH5LfdzZvTxUZfeI9xZDJ93C4mvuDBl9FnHEtBI/BXhheOA9isYqNJuhrZay01FTQ1M8m3IYpi5r/HaY7dhdMetfbN6WMesXiZn76kc34hc23uF3GJ4984VdJqG7WcYvtuMsDR+/pm4OPTgfiF5Xahst7lZJa6uOSTg5jtxHsfdanUyYvTxZALvSnjtt9WrsFypD/Nx6gqg2MZJ9eCAFb7jPaZI2spncJ2e5wktXDHDJKHtfsNLthhBc7AzgDqVjePgpx/mFZ1DtNaapuL7pqKsqJjEXh3ZgMdtBrBwGcee/zyuWmK+aDUIq8Gd1PTGZx2iXdlHztaPuuO7+kLM9STQUdpmqX0dPUFhAayZo2SSQBnctbWy5V9DfxX08LG7G120MZDQY3czAcYxhbxy255Y6fRDXNexr2uDmuGWubwcPFPZa+0HeZavT0AhlkaynJiYx2CWsHJn/AE4+CyQXOrH8wH1aE5HFfIqGS+SQt2puxa0dSMf3UWrUsdxuTKSOLc5riZM4GQMpMpUs0vkRFpBQ/kd6KVD+R3ogvkREHzRPp+/iWYwzQxtc9xwxoBOSvLLpO9TAiapc9p4gvOPgtpERkndvPkuPYt6YXn7mX078cb7aqboivHDZXog0ldIZGPELXhrgcOcMHHQ+S2YYDjlC5R0/eG5ZvUyamGK+ivzaa208xtdaZjGMwwsbiM+GS4DC8D9cVYPd0xcS3ymi/wDpekSYiAXHtATvA+C57/GuM+3VHrqXOH6burfEh0Z/5L3wawpZB9ZQXWI/1Uu1/wCpK8oeBwaD7Ke1/pHwVt/F4xbRahoJN+1Ut8n0sjf+K9LLrRPPdn+LHD8wqHtz5qH1WyACcE8B4rOvxf6va6spX00jXSsLS05HitXal0tTXOZ1TTGOmrSdoyxdzaPmP0WWz1jDGds7LBzEncFX/SltLnAVsGR/5AFvGWeGbq+WLx12prdsQm3fOo4hskxuBEg8ck5B9lmjQ5zWuPdJGdnwSLspQ0x7J9F3YWrTw6tl3kow8fw/Bd3quJ2cHPDzUhti2ua+CO1Oo3AmomIMbdjPK4Ela6qJDLSObtgve0gjdngtsXd9BMGCaOOZ7c4y0Ox4+ixuvtlBWxGI0sUTCQcjcV2wy18OOc3duenqynts9EO2Y6Cqt7BiMZHax7nHPuPgrWpvUjiW00ex4PdxWF6atfa3i2w0QZtyh4wd2PMn4LbVr0tR0zmyVf7TKOjh3G+3VW47rMy1GI0druV6ftRNe5nWWU4YPfr7LMLDpqntUjah0hlqcEB2MNGfAK9A2QAOA4DGAPZFrjpm3YiItIKH8jvRSofyO9EF8iIg0qNSUweWvgqGna47iPwK9MV+t7uM+x99pCxqSFvbO7zeY9fNR2Lc8w+K4fDbL2XKjk5KuE/6l6mTMcNzgR4hywUxAccfFGta09xxafEHCaGeh5G8Egeq5dq4cHfELCI6idh+rqnAffK9bLpWAY7drsdSQU4m2XCZ/iFyE7uoysXjvNUOJjf+C723snniHsVOK8qyL5wBzAhQ58MmO0AOPEKkZeYDuO00+AIK723SmO4yYP8AUFOK86vfnbXRdmWxFuMZLRldUcNK0EingLncXmNpPxVW2sgfyzx+m3vXPtW+I/3BNLzWccbIyTG0NzxwMZRzgxuXOAb4k4Ve2o+zKPiq66VDnSgSS5DW7xtDCaOaxqbtDFlsGZHDrnAVVVVk8/elkwzwBwqz6RhfMynpiJZn5LRnA3ef6LH624VE8j45ZWsAds4jOB8VuYM3La6rrtTUvdH1j842WdD68FjF+rrnUxufHK1kIbksj3HHr1/BZJXwU1LoKhfmMST1Pa9pkd4naxv8NkBU1F2ckzWiSPkcd5G/uncukx0xt0fJdVtg1jQ/OagNjw5jNpxDdpw3BfQnp03LSmirTb4df0sUcLXNb2rg1zs42TuPst1Z65WkETKZQETKZQFD+R3opyuLz3HeiC/REQetERZVKhEQSEUIqClERAqERRQqQiIIUoiIgIiKiERFRDlxREBERAREQEREHBERB//Z'),
					('hg4',N'Đền học','1-1-20','lh1','NSX1',N'Tốt','',1,100000,'data:image/jpeg;base64,/9j/4AAQSkZJRgABAQAAAQABAAD/2wCEAAkGBxMTEhUTExMVFhUXFxgXFxgXFxoXHRcXFxUXFxgXGBgYHSggGBolHRUXITEhJSkrLi4uGB8zODMtNygtLisBCgoKDg0OFxAQGisdHR4tLS0tLS0tLS0tKy0tLS0tKy0tLS0tKysrLi0tLS0tKy8tLS0tLS0tLTcrLSstLS03Lf/AABEIAOEA4QMBIgACEQEDEQH/xAAcAAABBQEBAQAAAAAAAAAAAAACAAEDBAUGBwj/xABJEAACAQIDAwgHBAgDBgcAAAABAgADEQQSIQUxQQYTUWFxgZGhIjJSscHR8AdCkuEUI1NicqKywhUzghY0o9LT8UNEVGODk7P/xAAaAQEBAQEBAQEAAAAAAAAAAAABAAIDBAUG/8QALhEAAgIBAgQDCAIDAAAAAAAAAAECEQMhMQQSQVETYfAFFCJxgZGh8TLhQrHB/9oADAMBAAIRAxEAPwDpxETGMe0TA6AncD3ST9FqcF8x85NhK9NfWU9oLfA/Cb2Ep4ZvUrkHoLD3OtzNKgpnMPh3G9T7/dK7GdydijeHPgPhIa2xGPFW7R85aF8XY4vPCzToq2wD+z/CfgD8JRq7KHSw7Rf5Sor7mZmiDS42zm4EHy98hfCOPunu190qY2iJXhZoBWFaBB5oWaRXjiREhMTtaBeM5kQV9O2MTIw0fNIgi8ENrFeATIgnMjJj2MYpAQbwlESpJcsSAyxmWTAQGhRWRZY0lAiyworIr/V40kyDpEUaLQtAR7yQrAZZARkQTJGEFkiJPhcc6eqzDsJE0qPKKqN5B7R8pjZIx0kB1NHlL7SeBl2ltyi2+47R8pxV5IDKkNs7cGg/sHyMF9k0zuuOw/OcYKhEsUsc67mI74/UPodHV2LfcwPURKVbYJ9hT2G0rUdu1B96/bLtHlH7Sju0lbCkZ1bYtuDDuvIW2Yeke6dJS25TO+4lkV6T8VPb+cr8irzOMfAN0eH5StUokbwZ3pwVM8PAyCpsoHcfHWVoqZwhW0jvOwxGwr/dU9mnutMfF7KUHXMvbujXYrrcxrxBZcqbNI1Vg38p+UqNobHTqmWq3FNPYdUh2g54s8iDsI9pFzgiDyIlgsIJaCakiEzRiY1+MAvASTXpikPOR5AbOWIpJgkNUgaKnNwubloJHFKRFPm5HUozR5mPzMSM4UojSmgMPE1GIGaacDKZpNQkTUdZEUjGDS21KRtRkRArmTJXIjGlB5uSYNFujtBhuJlobdqDj46zIYSByZqwo3jyoqDgp7R8jH2nynqc0GporEsFK5DUOUmxbKGFgN+8m24HS/NMY9FgGBIuAwJHSAdRMGkZuI25iqp9CiUfT9WKVSm4zaC6sGQa2Fs1yd15OuKqiotLENRFQqWVQWzmzFSL2NNrEEei17jdO3TFUlqc4aoK5mYeqAMwPGwNxm1ub6TxzHcmq9HGqRUVqdTEGoXUAGwrCsoXL6zNuvc2G+wEkya6nbwWBhXiBkQIj5oxaIayIcmDeHBZIgBmjXitHAgQs0UK8UiOjVYYWEFh5Zk2Mq6QgIarCVYkCE0iCyVVjhZARinEUkyrCyxIqmlB5qWinGLJGyootQkZoy+VkZELIomjI2pTSKSB0iBnNSlapSmo9OV6lODGjM5uCUl1qcB1gQWw3CYimxHG34lK/Gb/AC6xQp4TncmbK621tbMct72PTOdoCzKehgfAzoOW1PPs6uOgK34XVvhFAzjcNXzIr2tmANr7ri9r8Yd/rxlXYhzUE/1DwZh8BLZEGKBvHEYwryAaPniY2kcbIRMcRAaxXkAs8UhzdsULKjtAIYESiSKJmzoILDURgJIBEhZYVo6w2EQAUR4QWOJERNuj2hMI8iIisF0kpEYyIrvIysndYBWRFZ1kFRZbcSvUW0LIrOkjqU5ZKQDIik6To9qjnMFiF9qjUt25CRMJ10m/gfSpBTxWx7xYxQM865Kteh2Ow8g3901GWY3Iz/LqLxDAnvW39k38snuSKxWMRJisbJAiuwkZv9fXWJO0C0SBSCwvDtCiZK3MxSfN1eceVFZ2IkiiRASUTB0DAj2iUwyZEOIQEEGHEBAx4wjyIaNHvEpgIzwDCYwZERmCRCgkysgHkFVZPeRPIiIrImkpgESsiu81NmP6I+uMzaiaS3gW074rcDh+Ti5cTi6fQ5/lqVB/cJvsgvMPD+jtTEr7Sse9jTf5zcY3NvGMmCIXEEX6pM0DLpASJxImMmaRsNZABlguY7QWjZEedurxijxQI7VJIJCskUzKNkl4QkYMNTIiVYTbpGu6JjGwDBhAwYhIhyYyxmiWBDwGaImATxlZAkwbx2MiJgI5MBojAaVkMDGIjCMWigAIh4ZoF4qTaxJnJbTGXay9Dpr/APSy+9BN4rMPlX6OPwr+1kX/AIpX3PN5oyMogcxrwmgNARmEhZOMkYwGeIELSNjeSVGkciAt9W/OKPbr98UiOzWHABkkwjY4EICCohkxIkEKRqYV9IgODDYyJITNCyFGvGJjXmWxBMEwK+IVSASAWNlHSR0SjjNrJTAZmCqd1+J6L36r7tOM+dxXtHFgkoytt9EhUbVmhIbzn9q7XanducUb11yi2o3AsC1xc3sbZTeRbP5TZ2IKkaDT1mGpBIC6keqd2t/RvfTGP2lGa5uV0ZbSdHSmRvHD3ANiOo8OqC5n0lJNJoQTBMeM5mkQDwU3xzAMQOa+0D0Th6nss3lkYe4zdqj675k/aBSzYZT0VB5qw+U1KL56aN7Sq3ioPxm5bAiMmADDEC0yLBeRDdJGNoBiABkDCTNIiRIhW7fruiiv1+UeJHXrJFMiUyQTCNDwlMG8StIiUGKADHzSsiRYgYCGOTAhGMzAC5O7fFBrsApLWsASb7tN95ynai6E5nlLjKnoGiGJzbwy2v6tgRfXUj/Vx3TmMO+LR/1iqFvmUuAuVkKhmFrgkEMQSbMcmULrm0OUTNYNh6SNZ8ylEzMzAsHy7rMMx1B01vYG4kxBVwRUbI9nKMqsFVcvNuAG3kMWOXj2Ez83zvdxWrd9X6/vQJRtvUy9nYsVatVnBZKRK3vYLUQl3WrSzMdGU2II0VrABgTc2gmUK1BUOVUWkxIzOWIByNqSiZ1uSeI9LiZsVzdULSqChTp02BcOoYBQD6BubC62JuDo4N7zPKYOr+qqqnNZwFZ2JSoWDBUoqf8ALYFFsi+iFUKo1inzS5qenTfT8W32Xf6hSqjotgY2oSFdlclELWPqkjNa25RZgRxI146dA0815OCmtYhaj1AKjZS1NlJGVNGZxcZXYiw+8r7rgH0hHuJ9bgU4XC3XTSq+SrQ0tUMBI3kjGRFtZ9EgGEFhpDJgtFAZXK5M2DfqKH+YD4wNhVL4el1U1H4Rl+Eu7YTNhKw/9sn8Iv8ACZXJd74ZOouP52PxE29jKNM8YF4RgmCEjYQH8ZJeCxiBXqiRNJ2GlpXqGRA5uyKPYdMUiOuDSQPKnOQg85JnSi0HjlpUNWPzkeYKLWaOGlQv1wudmbGi2DHDyAVJJmjYUS3lPHVjYjeJMakzto1LgzMmaSOE5SYV1Y1KTMm/IygeibEZgLixUsNdwuTbpn2Sr1aNMVnA50llW+cFHXOQScrNmI3aFQBruzX62BeutWjTamlRsuVnBI0bUEjUaaX1tc6SPlDyc2gyg4dGDKLENUp30W4CVHYlqZcjQ8KdtAbH5MuGyyqC11fxdtOvr7WDSTsx8Rs2klNhQY85mz0yC1KmQgK2ZUISzHMQQBdsuthK/KZqb+gVKEWBdKtRgKjKhVzayKFF2DNwVgQLi5bO2Tii4NfBtSsLHLUzZ2t64KEZDe5NtTc7rkjSw+x6xp1ESgaOc+kvOBwFJJYi4CjNoCALekx36l8HLCSu211+fy308vsc0rRb2DQAINJsqFVtxvoSQuYXF7g6i+h1J1HXUWE5LBeictrZbL0nTT3zew1aezhouMdd2duWjUkFQxLUjMZ6AoFYmaNeCZpMGiXJmpuvSrDxBE5jkc96BHRUPgUQ++86vBHf2zkuS/ovXp9Dj3uD/SJ2exjqbriRMZI5gAQQkTQCeEmcSFhaJkjqGV3k5MrsYkBbrihRQojfLwhVkDGPPLZ6KJWqQucMipU2YgKCT1Anxl5Nj1j9zxZfnNJN7E6W5WFTSEHh1NmVl3027rN/TeVt2h0My7W4qnsW1qSVHlINDDw5h5S21TSZeOqSxUqzIx1eZlIVEq4KsRiF6wR7j8J6CRcX6p5ZQxP69O0+4z1Kj6i/wr7hO3Du0zllWxnYnDStVUIGY7gLnsAvNd0mHywqBMJVPSAv42C+4ztLRWYRx+FxGbXiTc9+s28I05fZ1SdFhWnkidWbFN4ZaV6DSUmbAe8FmgM1oOeKYMuYI6mc1gBlxmJXpzN/OCP650WDOt+G6/Xvt2zn8UMu0HPtL/Yp/snf/E5dTWBgMY2eC1TSZTNUC5kLvpHJkbERTBoBzK7tBqVOEgYm+/6900ZLOn0IpDzo+v8AtFIj0PE8mwR+rqG/7wBHla3nMNsFUWoEcBevfp0g8Z3YmdtZb5ew+9flMywqTVaG45Wk71IMJZQAgsOzz6zLgY9PnKmGUW+h1S5TGk7vQ5Bhze14dbCowsygjrF/CCvd4fPtk5eZYoya+waZ3Er2G477/lMupsKpa9Oojjw8NSPOdUrTzDGmpQxlVFemGU3S+amxU3ZADTIz6MFsb3sdN85TxRl/R0jkkjYr7KxA3qe4ZvdeYu0Nl1Txt2i02dnbbxYNmuRYm1RQSLH9ooCKu8ekc3hadfQq5lBItfhofcSJ53wt7SZ1XEpbxR4xV2JWR1qXuFNzbo48Oieo4Wtemmv3R7pb2pswMpKgBhusLX6j0znRSyi1mA4AMwHcAdBMvxOHTlL4l5G1yZqUdGbJrCcp9ouZ8KES92qJu10W7fATQt/H+JvnK+KTcctz0nU+JOk4T4+06R0jwmu5xOztk1xb1u8D5TdwuCqC12Ph+U1Epuxsq3PQNT4TQobCxDfdy/xEDyFz5TjHJlyfxs6PHjhu0ZVOk3tnwHykoU+19eE3afJepxqqOwFvfaTjkt01m7lA+M7rDnf7OTy4l+jmmpn2vdB5k+0Z1H+yw/av5SGryVPCse9b/wB0fd83pmfGxekW9kbJNOnvzFtWHAdQ6Zjbd2cGcuKRBAAzZCCLHWzW3WJ3HjOhVmU2G7o3EfP63zheXuxsTiGaqmKChdEpBbOjWyh1OcZtTe4Gms+ly1Gjx81ysY0D7R8Yxw/7x8YzUzxOvHtgGmek+M+PKTTas+jGKasI4br84Jw/X5wSh6/GRtTmedjyA1MEN4Ov14SpVGXQ3+uuWGQyJl6hPTj4px0lqcJ4L2K1j9WjyTm+oefzino96gcfBkd3R5b0UYU6y1aT2Fwwva7FbnW9rjf0TY2lUBI10IFrdZOo6t0jx2FSqpSogZfd1jisobIwJpBELFgilRfoLsy9+Ugd09UXqcZI18JhybE6dX1ul9KIEjoScTUgQPNjoiZYcZpk0RqZXxlBKgy1aaOOhlB98nhlukRA5vF8mqXrUGq0mBuAlUhe9XDKdOFrdm+VsRycxf8A4WLU6kjNTKf/AJMFPHUrxnVtTBgnD9ciI9m06gpIKxBqAWYg3DEaZtw3793Gc5t7DtSrByWNJybgkkIeocOnxE6XI0HaGEFakyHiNOphqD4zMoqScXszUZOLtHO/oy9MsHZlMU2q1SciqWsN5AF5hbKxwJelVGSpTNitydBpoeNj5EdM63ZmNpYilk0N1ysp4j1T8Qeg3E+Vw2CDzOOTWvye3Nln4acHuDyaxtOtSL0qXNrmKgG2tt50PXxl3F45KfrMB2/AbzOdw2x8Tg2Y4YrWok3NJzlYH91t1+vy4x8bVp1mBq0sRQqer/ll1PegNxrv0n3smGNt4tY9O6+m58jHmlSWXSXXs/k9v+l6pyjp8Mx8vmZG3KFOi/8Aqb4rK78lW4VFPapHxMiHJar7aeJ+U4Wd6NHD7cpsddP9XzEtf4nTvbN37x4j5TJTkq3GoB2Lf4iXsNycpLqzO3flHlr5xsqNIAPvsRwI+cpV9jq1/SIv1TSpqFFgABIsTiVUEsQB0nSSJnIba2eaFiAHUmxOgIv03Oo7PCZTYxeK270/5pLyz22KihEF0zAnhmPDunN08O51FPTt/KfO4mMFK6R68Lm11NtsfS9oeBPuUiAcdS9r+Vv+WZf6G/sn8TRfob9B+u0Tz3j9WdamaDY+l0OfBfPX3CRnaKfsx3lj5hl90pfolTr8vlGOFf8A7gfCPPHpQckupc/xNf2Kf8T/AKkeUf0Wp0Dw/OKPiLy+xeGz2LE4QNqNG6enqYcRKRAF2bSw1ud1hqSeq2/qni32b/anWSolHEsalIkC7HMyfvKx9IgbyrE6XynSx1Pth5bGmxw9Jhe56xfMbuw+8FPoqp0zBib5RPqp0eJ6nU8o/tOwmE9EEO3C5Ivv1VQCzDTeQqng04TGfblWP+XS8lp/1GpPIqtQsxZmLE6lmNyT0knUwc3ZK7A9fw/241vvIQejKlQeRpmb2zftsptYOKdz7XOUbd9qi+LCeBhz0xjU7PAQE+qtl/aDhK3SOtStVfGkWYd6idPg8ZSrLelUWoBxVg1uo23HqM+L1q2IIsCNQRcEdljpNzZ3LHFUWBWqTbdnOYjsfRx3MI2B9eqD0wp8+bG+2usgAq+lprcZxfqFw3RqXO+dvsr7ZME+lQhT1G3iGsB+IyE9Mg5tZz+E5b4KpbLWGvUW39aXHnLw29hiL86vmPhIjmuX+zDTdcbTGq2WqBxHqhj45T2r0TPSizha1BspYBtRdW6yAQVe2lwRwvmAAnT7R5VYLIyPUDAghhYgEEWIu1hx6ZwvJfH01rvhkqrWpMWai6kNfiQbbjYa7tVPSJ4eMxtLxIaSX+j08PNXyS1TOiw/KPE0rCqjcNQDWW/UyDPYe0yqJpYLlelS9gr23824axG8G249Uj5sSvitmUqlucpo9t2ZQ1uy40nlx+0JL+SOsuGj0ZsrympcVcdw+cL/AGlo/v8Ah+c5t9i073BqL2ValvwFsvlK1TYxvpiay9WWgR/NSJ856Y8fj62cnws+h1T8p6XBXPcPnK1XlSPu0z3t8hObbZT/APqX76dP4KJDU2PUP/nKi/w06H91Mzfv2Lv+DPus+xtYjlDVO6y9g+JmHtHaIHpValugs1r9Qvv7BF/gSn18TiG/+RafjzSrJcNsLDIcy01LHezEMT2ljrMS4+HS2aXCyOdDVMQ45tWyD7xBF+wEaDtsZ0OFwTIoFz4/lNJbD6HziJ6vP854M2d5GerHj5CkaDdPvgnDt0+/5y4T1ecEnqH13TkmbtlI4c9P14wDhj7X14y6b9A8/gIJDfV/lNWFlL9F6x5RS1lboHn8o8rKz555P/7xT7/cZrfaH/vh/gH9TRRT758roc/hfWmzhd4jxTnlNwNASxh/l7oop5mdSXgeyM0UUokNUkC+sIop1QHTbKnU7MiinGZHS4DdLXAxRT5uY9cBpII8U4R2OzHEiqxRTZARliigIEAxRRISwhFFIzIYwW3R4oo5sESM/ONFNoyQxRRSE//Z'),
					('hg5',N'Đền học','1-1-20','lh1','NSX1',N'Tốt','',1,100000,'https://vtv1.mediacdn.vn/thumb_w/800/2018/10/13/den-hoc-1539370999329860741113.jpg'),
					('hg51',N'Thịt hộp','1-1-20','lh7','NSX1',N'Tốt','',1,100000,'data:image/jpeg;base64,/9j/4AAQSkZJRgABAQAAAQABAAD/2wCEAAkGBxMTEhUTExMVFRUXFxcaFxUXFxUXFRUXFxgWFxUXFRUYHSggGBolHRcVITEhJSkrLi4uFx8zODMtNygtLisBCgoKDg0OGxAQGi0lHSUtLS0tLS0vLS0tLS0tLS0tLS0tLS0tLS0tLi0tLS0tKy0tLS0tLS0tLS0tLS0tLS0tLf/AABEIAKgBKwMBIgACEQEDEQH/xAAbAAABBQEBAAAAAAAAAAAAAAADAQIEBQYAB//EAEQQAAIBAgMEBwQGBwgDAQEAAAECAwARBCExBRJBUQYTImFxgZGhscHRBxQjMlLwM0JTYnKS4RZDgpOissLSFWPxVDT/xAAaAQACAwEBAAAAAAAAAAAAAAADBAABAgUG/8QALBEAAgIBBAEDAgYDAQAAAAAAAAECAxEEEiExQRMiUWFxBRQykaHRUoHwI//aAAwDAQACEQMRAD8AuWGnOkQVxzNLXHOsMLU5TeudaRcqhB7tnQWenIpYhVBLMbADU1s9h9Gkis8tnk5aqngOJ76LXU59A52KC5M9s7Yc8ouq7qn9Z8ge8DU+lXWG6HxjOSRmPJbKPiT7K016Sm4UQQnK+TKyPo/hl0hU95LN7zSvsjD/ALFP5bVYtQ2NG2r4B738lLP0cw50VkP7rH3NeqfaOwnUXRt8Dho3pxrWOahzyUOVMJeDcbpRMNEM6KWzqy2vGub5A3z7721+dVqjOkbIODwO1zU1kcWFqGovXSmlhNDNiA52p29ToVveklFQgKRs6lQjKoT61PgOVQp9AJ5OFOJypuJSn4UZG9QrwMrpNKWUUh0qFDVpJdKfbKmSjKoWR0bI08NkKEBrT1+7UNDmF7U2ig6UCQVDI6E9qn4gVHQ5ipMmlQshMc6etJOKRDVkQ5Gzp8mtDZKJwqiwuoqORRojlQzUIiRDTkNyTTQKVhYeNVks6+dNxBtlT4hxpMPDvyKCQoJAuSAAL5m5rSKbwa7obswLH1zDtvfd7l7vH5Vo6ZhgoVQlt0AAWzFgMrGntXUhFRikjmTlueRDSVxrhWjIjUJqbLjolNmkQHkWX501cQjfddW8CD7qrKLwxktV2IbMcqnzGqnHPa5qyjO7axGo7jUfAvvRqeJAv4jWo22XHaPEmw7rE1K2ZHaNe8e+k9R0OadDio40NtadN94CmgZ0pjAyScNpTcSaVDah4zhUIDUXzqScrUGCjMcxUKZ0tNiOVLIaHEcqhXgfJypCKWWkvUIIxyricq5tKZfKoQjhbk09FsKGrZ0VahoQnSulGVJKLWrmaoQjg1KY5UBxUg/dqEZFmpo1p8oyob8KhAzDjShcqYDRBUKHQ0jpnXJRhVNkQqrnakxPAUSLS9CXM1SNBdBag4lTum2tjbxopa5tSXuasouuhm3E3BEWCkZ7ugsdd3lmCbc7+A2GIxCIu87BRzJt768p2fHusynO+nBgL5FT3ZetLGb3zPYJG6b2TkVB0Q8uBNtLUzXqXGO1isqE5ZNjtLplGt1hQyH8R7KfM+ys7Pteea5dzb8C9lfQa+d6r401qXEmlZndKQaFMYnJABXbnaFuFGJzNJFqTQchCZhtrSJkTvrybM+R1qTicYsi3U+IOo7jVSxz8KZFoe+jV3uPD6A2UqXK7KjaM12zPHMnx1qTL0igSyrvvaw7K5Zd7Wql6QzERuRa+XhmQL1QbMiLsC28w7sqNZBz5XQOuW1G8w20UlNwHHduqfbvVYRwfxfy/wBaH0f6pFFo27z1kg9dK08WJS2aP/mP86WdE31JBd7+DPPECQQWy/dH/aumQHi38o/7VovrC2+4fDrHPxocjHhl5t8TWXRZ/kib38GeRAOLfyj/ALU5nU2zb+UfOro34Mw8/nRYmX9ZD47xF/KqVNnyi3Izrup4t/L/AFpkZUDU+n9a1ijD8Q48yfdThHheberVv8vZ/kjHq/RmRllHf6f1qTgcGZQd1gLcw3wBrTfVcLzP8xqXhcPEv3S48Hb51uOlsz+pGXdx0Y2XCMuRKnwOfobGojG2Xvrd4vZSSjW55kC/qLGsftvZzQndbMWup87ZH1yoVkLK37lx8m67VIgOO0KfHxpkRpEJuaoOPlOQoTrT2FxammoQYxo4OVAbSjQ6VCAXOVC/VFNlcg0sZyIqFD10p6mhp8KQGoWGma1DXF0WQXFRAtQrBaYhrCwpkVKqXpsuVgKwaCgZd5oZPCnKxJtyFMjW5rSZQ+OEFgb2tx4Z8+7n68KbiIypzFmB7vMHgQR5EGjNlUeR+BBI/wBQ8OY7jUyZfYq2yAyvw5cbd41se63DOUKiSw7ykg6aEagjPMcDlx5UeCUlATqdbaZcR3HXzq8loQG5owyFBw41NFlOg5msEBMbA95okPH3UNz2gOVNDVGRmJ2zcQwg6m5Psb/nbyq66L4beUEDjmeeunhUjaWyocU36UxSISCtg0ZJsTlcEE5ezKrnYexjEtjLGf8AFu/7wKapui4pPsA1hk3C4fX41OjNvhxpqSRrq6fzpf30761H+0T+ZfnRN0PkrIrJ6ed+6nMpJyphxcf7RP5l+dIcXHfKRP5lv76vfD5LyGHfXMKC2Lj/AGi/zL86UY6Mf3in/EvzqepD5KCBeOtdu3FB+vx/jXwuPnXDaMX7RfUfOq9SHyTkMVvTsO+7pUZtpQ/tF9RQZdsQLrKoHr7qjsh8kLfDbS/EMufHzqD0vkDRBr5ANn6VQ4vpXh0BsWfluqR6k1QRbakxsojHZhXtsL3LWOQJ43NqzZbuhjsyoLdlFm2TUZTegzntU6LUUuNDyTY2phJoo41Hlyqix1sqfh2sbUNWypIm7VQgk4udKERY1KnPaoM5AFQoQCxFNbWmXyojVCw4N08KADenwcRTQlUQsYQdTpTQurcKaz9k86RzZQvOs5LwNXiaVGsB30/cJyFBkUj1A9tbgk2Zk8IPiciB3UJeJ5Urt2/L40ISZN3UZVg949Yt4WNweYyNuV6kGIABRwAFMhmFxRg98/Ol2FOEYsFprntDuFdDY51Lw+y3kubWB/WOVXGLfCKckuys39TRIIWPAnkBV/h9hxL94lz6CrCPdXJQAO6mI6ZvsBLURXR4n0hiljxmIZZOqYdXcHRrqMnGdh4gjXSkwfSOdLiUAdhypU2DlATkVNtBepvT+Mf+Skax3t1CCL6dWoN7Z+Yv4WrMYsC6Wz7Et2spJPUSastieGTAGuxOmuVSUkuuxLfLc2mW8XTgEgdW5Y/+1s/AAE1Kbpju23oXW+m9M6+gZK1X0ebOX/xW9gyiYmRXDTMN4rKGIAbLQC1hyIOfGpii21h2JxUP1/DkHrI96OXeW2qAjfv3bpB0txrjqzTSnKCisxeMN4b+wwnNJPPZWf20TjGf88/9aUdN4/2Tf5x/61p/oqxQxGHmV4kCxTssaFFvHGQGEZNhcqSRc51RbG202I2lJhJMFhZoRLKjWw670aozBXZtLdkajO+WdVuqc5x9P9PL58F7pYTz39CN/bWP9i/+cf8ArXDppF+xf/OPyqf0p6AQNtDDRYcdWsokedFOUccZTtoP1d4sUA0uBbjWkgh2ftOCbDRKqiBurBUANGVuI5Y7aqbG3OxB1rMrdJGMZqDw+/om8Fp2crJjG6aQjPqpB39d/Sh/20hP6r+U1UeyjNs/aCxuqb4kWJwyh1KO6XZL6XFiCM7Hxr2zbOyMPiopsMwUGwvYDejYjejcZcxcc7Ec63q5afTyj7MxflMquVk0+eTy1+mUP4Zu77W/soM/SlSMoprZZsxA9avvo36NHCyzYjFgKyyDDxAjJndlUuvMG6AHkWqw+mDFCKGAFS0blwyAlQWAVkJtrazW5XvwqpTo/MqmEcp+SZns3Nnm21NsMWZVRRZiLsS5yJFxvZD0rQfRlFI8mIIDOwRb8Ta5/OVZfFYa+IluDu9ZIcuRJYcvzflXo/0KKFnxZt+pH7Wb5V1LaIRrxHyLwsluyybimswByPflRA2YreYvDxSCzoreIHvqlxnRxTnG1u45j1rmz07XQ5G+L7KQNmajTGpWJwkkTdtbDnqD51Fc+6gNNdh00+hy6UOMdoeNcr5imnU1RZLlXOo0jXyq0wWD6zXQamjYzZKBSwvcURVtrIN2RTwUR404Ghqc/GnAZUNhAmHPatT3BvQFNmvU8mqILIo3gB40gF38KdHoW510Y9tYND0OZPChY7VAPxU6TgBUPG4gdbEo76YoWcgLX0Fv9ru/u1EjclJD+9b207DzgzzNf7otUbDTj6szc2+NNYApkqCS5PpVtgsK8l1QXOncO8nhULozsx5iLZDVm4AfOvQcNhViXdQWHHmTzJoFdLm8voJZaoLHkrNm7ESIXY778z90eAqe1HK00rTsYKKwhKU3J5ZGZaGUqUy1EmntpVtkR439LU7RY/eABvElwwuDa9u8HLUEGsvBtFZWRQhUhZBqCLdTINbb3kSRWn+mRb4mMnjGP9zCsVslftl8HHqjj410Mf8Aln6Ac+7Budg7F6zBxzbIxMi40AfWYOuClzY3IjPZIB+7fIg861fQqfbHWMuPjAgCMTLIIkZWFrAGM2Ya3JHnwPj2A2NiJQDHBKw1DbpCjv32sB61bSbBxLLabERKv4ZcT1lv8Ee/XM1WkrnFxnOPPl9obqVjeYxf+j2Lok6SzY2eFbwySpuSD7srRpuSunMbwtcZEi9efdNumG0sNipoA4hTfYx2iju8ZZgj7zA71wDmOINUMGw9wf8A9xHdDHMw9pSiSbDic3efFSG1rmNAbDQXaVjbWlqaNPVa5ykpJpLGPga/KaqccKDRruiAxGF2fitqTRyTzShSocsWaBbWcnUR9pn5bqA6VV9Gun0aYiNY9mwRdayIxgB6wqzAZKF7Wedu6q1Nngr1Sy44pbd3OvQJu/h6vdItbhQoOjiXvGuI3lNwVlTeUjQ3WLIi3sq0tNLf6nO779Y4Rtfh2q4xHr6o3v0o9Fnn6jFQIXljdFdVBZmj3gQbDM7rexmPCh9MtoTYHakeM3HOFeJIpmAJX78hz/fF1Yc8xxrJDC4g5jEY452v9adhflkmtRsVsuWQWefEOoJykkaQbwB4MbAgXpemuCjGFk8xSa68P+jb/DtTy1Hn7o0nSrpF9d2hgcPgyZo45o5WKAkMwYEnTREDEnhvHlV19NGy5JMErohYRSb72/Vj3HUse4Er615iNhyIQySlWGjC6sPBla4qPtODEKh6yd3U6gySNfyJsaYr0tPqVuqaWzx85BW6LVQhKU4cfImOxAEkgO6CdwgsCRmiEjs5jWvQfohez4o8xH4Zb1ZXZ+HDmT7KJz9mRvmzD7GI2B3TlqfI6a1efR7KUOIseK+HGutc16aOXH9R6oZ6Tr6z8W0jxqWk96S3BMFqZgRY2I9aqNobEDXaI2P4TofDlR1kqVCxrMoqS5NRlKPRiJt5HswII4GkaXjW42jspZ1zycfdbiPmKweMwrRFkcWYeh7x3UtOpxY3XbuX1NrsuO0S94vR5VuCOYNDwJ+zT+Ee6i0ylxgVk+TDjI25Ej0p29ZqLtGHdmkHfcedCbUUjJYY/F5QshzJFHgn7IoLsQdOFR1cisGi9lGVq4LpypG18NfOuUkjL830oZY7Cw9ZJyvkKNJ0XTrBI0puBYDKoO0SyJeM2ZbEHnbh51Fl21KmEOJxAvIGIiRePAEnlr5CnNO44wLXp5TLOLooi9ZaYkuTfTKq7a2wOqijiVt4u6oBzJ1rKR9PMY7HdjW5yyFa76PIcRPi0lxLXEaMUTgpta/jnR21nAJRljJ6HszALBEsa8B2jzNSd2lY504UdLCwLt5eRm7SFaNUXHy7otzqyiFi575CgJFRoIamRwVnBeTyL6WsKDiId4Ejq9AbaOePnVBsvBtm8KKu6LllA3hfS0jneuc7WNbb6WsKTPhgouzKVA1BO+LAjzqgxuKP26SiNm+zVCf0yyIqKrG33Ru75OWrWoWqslxFPg7P4ZGCju2Jyz5AyYNmlRJCzMxUXYliN4gA5nv9lSMDgUPXHs9gqFLMI1O85W7EdwJsPbTcBiZS0bhC4jO8AAba3G8/dYZ93nR8I0jBljEVhullRWxDqV3ipIQSZ9ptbVzmm3wdu66cYbW0vs18/wBC4VEaNXWMMFIaaI3MoUvvqUc23l6sbtsuJN73CSIVxKFQJgArqu4sZZO09mRRk4F9BwXwqTDsrEOV7U9lt27JEi5EAmQvcm1xpcZ5VV45YYn3ZSSSRdutMgNzmW3Iwb+Jzyq9jYrXqIKTblnh/wA/sWeMHZdI5WMm/HffdVl6rqy3VlyRvFZGO8AeI5Zdip1ZJAsqb5GGVmL23zGHLyA6tn1YuL33cqq0kw2Vmi8PtjY3tYXlz4HId1RNpbSjik3NyNuyDlvWuc+Lcre2p6TzgkZQaSy/4NKm0IjKj7wCnFF88jZYQiOy6qGfea50vUbZeJEAjLMpZDJIQGVsyscSi4NibGRstLVSbJD4iTspEsK/pHKvvDjurZrXy1OQGZ743SLaKQNaJVdRlcmQXPG1mq/Qb4K30pNNtL/X/eTRbVaNYBFGQVXEN2srvZNfAX3R/BeqjBbGjxRZZWdFAG6UKg7xOWTAhha+XeKpcLt1XKgqELG194kA5WvlfjU2LHqhBuX3j2lyAXS1mPGxGvOi1VTpmpY6Kt1ullpnQrH7n3gn4/o48IZkVcSvZNslkG7GqXKEHe+7fsk66UToQLrMbWu491a7Zsqx4UI36Ug7xyJ3iD+twAOgHK9V+xYAJMRbi69wJsbnzrofnKr4tR4a8HldkoTw3lfIW1TcJMdDTWhro4c6EFLWEXqfCtAwqXANT4o60kZYeCqrpfsnrYS6jtoCR3jiKu4kqTuXFW1lFReHkx/RvEb+HXu7J8qs6zWw5eqxmJw2g3t9B7x6EVot+sLoJLszPSYWnU/iT/af61Xjn4fKp/S7JoD+8w9QD8KgEdk+BpS1e4bpftCT558vcaE+HuafCb+lLvUEMWLXt45/n2UaEez38KTd/Pdw+NEGnjn8BQ0WwWIzy4e/lVX0hX7O3ACwHjVqo7Wegqk2zNfs8z7qPGOIZ+QTeZ4+Ct2JgALm3/2t70IFsQb5XjYKPDdN/ZWewkG6g5n8+81b7HxHUyq+tmF+8HJvZesQnixM3OOYNG6OtPWmzDiNDmDXKa65yggqr2q3aWrMGoW1IbrccKhB2FXKpqLVfgJLirOM1MEPNPpkAH1Zjf8AvB2fvaoQB31k02f1S9rcS3BQHa+ti7jdB57qjxrf/SlhN4YZuCtIT5KGHldRWLwSklSMi51v2VUtkNMwSePC2tF2VRip2LJqOouS9Ot4LyLB4eTC9YkPXSWVLuzSbrbqlzusbKQTwHsrPYTDJDikls0RBG9usQCCN0kjQgXvbTKtPt3aa4aB3UKrN90AAG9goJtmbAanPOsN9ZYx9Y7Bly3c7jfNiQVUHS+fh31xtrk24vCZ2K7q6asahZb/AHLrpP0ub6w8SDsqCByv4fHjSdAMP+nkdN5ZGjtfOzxFmupPAb4/Iqq2FJHimKSQ3FyQ4DLvFiSS76gKBkotc8a0u18UMJhUEJC5bo3hdtPvDgDc3J50RpR9uPuAglJZXRN/8jDPK8SqN9JTIN0AkORZmBt2dBfvBqdLsHBTllkiRWLCTdsFs26esbLVTfNdCRWC6J4HFo/Wwo7XU9rcdkJsbZjUG9r3rSbS2s5WIW3JCL7rAqbngwOet6TsjKEvawc5SUsRC4jY8rCSDD9WsC7u5YbglL9o2tlYZk2yyqfg9gYKJSskSzSLqZVBJsASY0ItbPxoGzNvuHCKu/vAAgXytvXPdrf0qL0m2gB2N47+uv6O+RUM3P0qlOyXCHZ028Rnwg8n0d4NwJWdsPvEbipuC1ycxvg5trzF6zPSnoC2GjaeFxLCL7xIPWop/Xa3ZZRnewHy1OGW8MSu6tuZ37hcjc1zANhVzjdpxxRFWIETqRc5jTO/O99KYhqsSUGc2VOGZjYG1Y1hQG1woBLKrOxOQYtw8KbsfEBmnYcXHu0v3aVhdk44xsd5gynJtMu8300rVdG3G5IRoXv7BTFNCg5SJc68LYaHeqTFFle1BwMBY1osLhaYSF2x2Bw1lqfHDRo47C1PoiRkRUooplV+3tpLh4HkY6A28eAqMh5R0j2oY9pPMme4wuOYsAw9K2OC2l1sYkjAKnQ3t7K8tnmMjszasST5mtx0CcnDFB+q59DY/EUBsYa4B9L8Q32W8LWfyzBocZ9vyqV0qwpMRP4SGHlVbgZLqp/P5zFL2h6WHgy9vsNxRgtBjyP54ZH3U6cdo50APgvNbd/upHbj+fza586Xn6D8+vpSR/e7lF/l7qHFbngknhZGTLYd/Hx1P57qy7y7+II4BiPbWgmY2zPefjWZ2Epdy3Mn2mnbPbEWq5kae1wOVvz76e+Xj8TRUtp3gen/ANoMgux8h7LmkMjiwabojtkOPqzntKPsyf1l/D4j3eFXpBU2Neb9QQ28psQRYjIg8M61+xekqS2inIV72Vzkr8vBu7j7K6Gn1CftkJX0Ye6JeBqdQ5IivhXK9OiZEmgKHeXT3VNws96UGgtBndcu6oQovpFhZoY90E9phl3gcPWvM9kyPJMsPVOpC3LuGUDcdeJ1v8vGvXNpwdegRm3GDXBIuOIsRcXGfA1BXYcw0EbDmGI/0kfGl777FHYo5QSqEVLc2eX9J9ph52B3iqAgBQhytrZgfWo2H2bNiUEUURAO6xcmMLncKbp8tBXqj7Hk4wMfAxEe1xUabYsliEhkUkZEdUADzykFKK63btUBm1wseTHbCwMOzC3XShpXtnYhVW9ju55sefdbKo2w8fHjNqJ12cQvuRkbwcgEIrDS363+EVrZuipb78UrH94If+ZoK9EmQ78UcqPnYgKtvMNl/WqU5+U8hVbCMNsUX+29pdUQ3WG1rMotbuPPL41kpcZHLHKjNZmffQ3vY20UHQZZ25mpn9mJ2A604hm43zHl2jTsP0WZDvKJlb+A++hOM288mapwhh+Sn+u/VAUFuuYZtlcDLvyHKsltPF77HO9++t8nQ9mu0qSFyTfsOfbblait0Jhbd34WO7oOrf5USD2+GNWa1TefJmdl7YWKMBiOyMusUBh4ONaBjNpNiHVzZYkvlc9o8Ta3s761rdE4F+9h5WAOSiOU+mdqG+z47bo2biivdGoBHnKKyqud0YvJn16WnuPPZcNFk4JIuQq3zYnib6C9a7ofslygyOZue7hYVZQ7HAyj2W6DnK8Cr/vc+ytjsnDiNFVFANs+Kg6mxtnTlO/pp4OXOMVyjsFs8IM6sIo7Z+ndTwnHU06mkgZ1dXUDG4xIlLyMFA1JNWQNLIFBJNgK8c6fdKPrMnVRn7NDr+Jh8Kb036eNiCYoCVj0LcW8OQrHwUKUshYxwSFNaroTiykoW1wxfeHIbqEH1HtrNYWK9aToe+7jAvNH9yH4Gh55Cte02u0Ig6kcDWIwgKFkP6rH0/Nq203ZOWh0+IrLbeXdkD2yYWPwrM45RdUsMehzHI39aWVTfTgPcKHhswPG/qLfOpccmVJMbLRuA/P5sD6ikw57Bb8TH2ZfP1pkrZZasbDz/pu05jZF5boPqL0TTrlsFe8RwVO3sWEjY/un1IyqL0ai3Y1Y95/Ptqq2/iDLIsK53zPgNPb7q0+Ch3VVeCqPm3y863qJcYKoj5JMWgvw18Scz76kRqL3Hf6nX3VGm7IP50ozPu7o45euppIZCCLdUgHO29c+gv8AnhVbjoLjPgCfcPnVhjpbDxIHpnUaZbtbvUemZqs4ZaQ7ZHS6bCAJKDNELan7Rf4WOo7j6itxsraWHxQ3oJBfihydf4lOfnpXnO0oARbmT6ae/dqoxWEZGQqSrDMFSQw4mxHnTlOqa4Ytbp1LlHszKy6jzpVkFeY7O6f4yCwlCzpa/a7MgHc414ag+NafA9P9nzC0hbDscvtBZfJ1uPW1PRtjITlVKPg0O8CTxpyZaG3dqKHhsOrjehmWRToQQw9RTnhkGq+lblyDXATr28aeMXpkR5VBae2oIpExI51hG8FicUvdXCWoDTDnSFh3VZRYmXwpOsqv3xS7w7vZUIWDTeFDM4qH1gpPrAHGoTBOafkDQnlY8bVG+tik32Oin0qIgTcHj4505WsaF1T8bL4mqzae3sHh/wBNiFB/CCL+QGZrSKf0L+9NkcLmTYV5ltn6XI17OGiLcmfsr6a15/trpfi8VfrJSF/Al1Xz4mpuLUGet9JfpEw2HusZ62Tkug8TXkvSHpPiMYxMjWW+SD7o8edUkYoqLWGwiikdGan4OMm1NhwRNX2CwYHqPhQp2JBYwyOwsFh5/n30WKfqcdhXOSsQp87p/wAr+VWAgG4OeYItz41XdIMLv4e633kO8D/DvX9l6XhZ7+Q0oe1o9FxWhH5BrM9Jc4ieVXGBx/XwRSj9dQT42sw8jcVVdKI7Qk8MvePz5012KLgrtnSFoxY27JF+eR/+1NUmwtoc/XOqPo8+QHI/0rRRHLPmfeaRsjyPRfBNnJ4cFP8AM2g9/sqPtzE9WrZiwB9NBXV1G064YG/tFB0XwZbfxD6ubLzAvl7B7a1cC/e7rX9bn3e2urqXteZsPFYiheqvu+IJHjpSzLeUDkLnz/oBXV1DfRtEbGSXkUchfzJ+QpEbO/ifd8zXV1Z8GkMlF3A5KB5sf6LQcSu/JYcgPM3+Brq6qIRdoYEHO2vuzY+4elU209kkMFtbIepPyFdXUWuTMtJlZ9XkjkvGzo2t0ZlPPVT3VcYPprtOE2GJZwBpIqv/AKiN7211dTMJvCASii3w30vYtcpcPBIOJUtGfbvVZRfS7hj+lwUg57hjcf6ippa6mVJgHCJLj+kvZTfeSZPGMn/YTR06e7Ib+9ceMc4/411dWt3GTLrQT+2uyf8A9B/ll/60xuneyR/fsfBZj/xrq6ri8or00R3+kfZQ0aRvCOX4gVDn+lXAD7mHlf8AwqP9zUtdUyVtSK3FfTFb9FhLfxuB7FBqix30q49/u9VGO5SxHmT8K6uqZLwjNbR6SYyf9JiZWHINuj0W1VQXWlrqosXd/PnTooya6uqm+CLsmYTAMb5aGrzCbFyJ4j8/OurqWtsaGK4JllHhQC3iPcKmJFYH1rq6gZyGwLKp1vzy9T8BRYEvHbXMj13re6urqjIP6GMRFNh+MMm8g/8AXKCQP5g1S9u7zQODbIXFv3c/hS11OxfCEJLlmV2CbN/i+NWsj511dS0/1Dcej//Z'),
					('hg512',N'Thịt hộp','1-1-20','lh7','NSX1',N'Tốt','',1,100000,'data:image/jpeg;base64,/9j/4AAQSkZJRgABAQAAAQABAAD/2wCEAAkGBxMSEhUSEhIWFRUXFxcXGBgXFhUXGBcXFRUXFxUXFRgYHSggGB0lHRUWITEhJSkrLi4uFx8zODMtNygtLisBCgoKDg0OGxAQGislIB8tLSstLS0tLS0tLS0tLS0rLS0tLS0tLS0tLS0tLS0rLS0tLS0rLS0tLS0tLS0tLS0tLf/AABEIAOEA4QMBEQACEQEDEQH/xAAcAAEAAgMBAQEAAAAAAAAAAAAABAUCAwYBBwj/xABCEAABAwEFBQUGAQoGAwEAAAABAAIDEQQFEiExBkFRYXEiMoGRoQcTQrHB0SMUFTNDUlNygpLwVGKTosLhNIOyF//EABsBAQADAQEBAQAAAAAAAAAAAAABAgMEBQYH/8QANREBAAICAQMDAgMHBAEFAAAAAAECAxEEEiExE0FRBWEiMnEGFIGRocHRM0Kx8CNSgpLh8f/aAAwDAQACEQMRAD8A+4oCAgICAgICAgICAgICAgICAgICAgICAgICAgICAgICAgICAgICAgICAgICAgICAgICAgICAgICAgICAgICAgICAgICAgICAgICAgICAgICAgICAgICAgICAgICAgICAgICAgICAgICAgICAgICAgICAgICAgICAgICAgICAgICAgICAgICAgICAgICAgICAgICAgICAgIMXyAakDqo2IVovmBnelaPEKs5Kx7p0q7RtpZG/rK9FWc1TSun9olnGgJVfW+ydIUvtKZ8MZUerPwjSO72lHdEnq2TqGs+0iT90E9SUaef/o8n7sKfUkej2jyfuwnqShkPaNJ+7Cj1LJ02s9o53xJ6tk6hvZ7SWfFEU9WTUJUXtGs51a4K3q/ZGk+z7c2R3xkdQrepBpZ2a/7O/uyt81brqalPjma7RwPQqdwjTYpBAQEBAQEBAQEGm0WlkYq9waOZUTMR5HK3t7QbNFUMrIeWiytmj2W6XIXj7RrQ+ojAYPMrOclpTqHPWq/bRL3pXHxVJ3Pk2h0e7Wp6ppDbHYnFTobm2A7ymhubdymIRtKiuob1OhuZdLN9VKNt7bqj4KYQkQ7PY+5GVbomROi2IedRRT6SW6PY+Juby4+at6cQmEuy2CyNNDEOtFM9vEGoWjrBYqZMaT0VqzKJiFZbLhsr/wBWBwIV5iuu8Ditq7sNkc0sdia7zC570iPCdqyzX/Kzuvc3xKy1pO19d/tCtEeRcHj/ADK0WmB1V1e0qF9BK0sPEZhWjJ8mnY2C8ophWN7XDkVpFolExMJasgQEBAQEHLbVbXMs3YZ2pPQLK+TXaFoj5fK75v6WckyyE8q5LCdzKdqyONz9BlxKnSNrCyXK52v2VoojafBdjQaUr0U9JtYw3S4jJtBzTpRtMhuPiVPSJLLoYN1eqnpGZu9u6gTQPjA3+QU6Hnu6nUKdCXY3xNxNc5uOnZDsgVaujSqt1vtkXaLHFu4RjEPNLVtKd6VEu1d5g/gt7PB+R+SrqY90dSNLtZeYNXw4uhBUfi+U9UA9o0jMprOR1arRaxusut2XveO2xueY3MA+IgtB6V1V4+8IU21m20Vm/AswxyaV1oq2t8J8Kq5LJPaQZLSSTuFFnolJtGz7DvIPMKNIVVt2Ze3MZjiM00bUtosj2ajLko0nbddd6yxODopC0jmo0nb6rsht4JSIrRk46O3Hqr1vrya274FbKvUBAQRb0mLInuGoGSrbwmH5+vO1SSTO3uJPzXPEJmVndOzhd25M/krxVXbpLHdAFDQFWiBNbZq/CArDfHA0aAdVA3jJBi6TnRB4HDjVB6Tlkg8DUGLuikcbtvHKSz3e41Jpu4KJTtJui3BrRhnlYd4JqK9CoNrqK85f3kcg4PaK+adVvk7Jrb3jFPe2aLqHUU+paPZGoVF4380vPubPDhoAKkONd5OSTe3snUQ47aK/LWXYGvB5M7o8lHefMm2/Y+4hi95I0ufqcSKvokJNBhAA6KUthodR6IMRCNyCBbbpY/dQ8Qmhy187K/E3I8Qo0OYBkjeGuyINQenBVmEw/QWydpdJZmF2tAPQH6rSngsuFdAgII15Q44ntGpBp13KJ8Jh8lmugCfG0antje2g3cQSs4gmHSsjFAKZUVkMmsA0QeuzyrRBpw4TnUoPcdeSIR3ykOOVcvJEkUgcagECmYPomhuHLTmoG0HmiHoUjRabMHChCgV81xsOmSjSUT8xGuTqpobG3DxNfNBGOzYJJByKDfZtnWtNd/z6oLiKzhtDkABuUiUxoGm9Shi5ldST6IkfIGAN9EGt9oBbwQexCoNcx/dVA5u23M2SYFw7Ao4cSanIcuJUSQ+p3DBghaOOfmr0jsmVgrIEBAQcDtbYGtd7wHDiNK6Ud13LK0NIiZ8KWG9ZIuzI3GOIoHfY+ijq+VNLSy3pFJkHgHg7snyOqtuJQklpRDEgHUV5qRiaBBmHeKgYYADUBSPUCigZAoNUloANDkd3OqDFji7gfEUUjJxcPhPgW/JQNcNrxGmF3WiCRGKABB6a7h5/YIlj7reTX5eSaQPkopGp9odmGjOmRIy8ES0RuPEFx1y+ZCgeS2hjP0j214DM9KKJtECNJern9mNuEcTmfAbvVUm/wt0rLZ67zI/EakA5u48hx+i5cvJrWemJ7yvFX0BjaAAaBejXwyZKQQEBByG2jKw/z/dZ28Ozh/6mnz2SZzMgaj9k5jw3hc/VqXr3+nUyxuvaWs2qN3eBZ6t81PVEvMzcDNj7zG4+YSrNLI3OKU05OxDyKmJmHFMfKWy/Jh3mtf07J9MlbrlXpSo9oGfEx7fCo9FPqI0lRXvA79YB/FVvzU9cGkyKVru6Wu6OB+RU9UIbCw8D5KwwI5+iAOv9+CDxwr/3nTmiGpkR3kE11pqPElSl6yChBJB/v+/JRoZPhLnZnsihwgakcTvHJCGx9ndixVcBllnSvNNwNE9qw6ljebntHoSCqzase4hyXmyorM0AbmYnV8Wj67lHqVTqWl95MNaNe4nfhw+pPDKtKqs5fsnpan3k85NY1o5558aZCqrOSU9KPPO89+Sg4VDR5ClVWbTPlMQ22KwPk/RxucP2iMLf6na+AXByPqfG4/57d/iO8tK47S6GwbPAZyuxf5W1DfE6u9ByXz3K/aHJk/Dhjpj5921cOvLpbMAwDQAaAZdAFv8ATerJkj5lF1yvtYcYgICAg5bbBv4Lv4ws7eHXxP8AVhwNlgxytGtM6cablxZrxSs2n2fS2t040XaGBoeHMFGuHCmYNDlu3Ln417WxxNvLXjWm1NT5hQS1BqDQ8jT5Lrq5uRgpbzDtdkLlFqs+N8rw4Ej4SKA5VBH1XTXFFq7fO8qsY8k1qsJ9j5h3JY3/AMTXMP8Atqk4p9pc+1fPs5aRrZ8XNr2H0JBVJxWNwr5bpeO9BKP/AFPI8xVVmlo9ktBjaz43M642/RRo02Mtbh3bU8dJXfdRs6WwWubdbH/6pP1U9Uo6Wf5XP/i3/wBf/adcnSG1z/4t/wDWnXPydLw2yXfbJP8AVI+RUdUp6Wt9rPxWqQ9ZXn6qNmmke6ce8Xn+Zx+Sra9Y8zpMVSILE492zynpE75rCeXgjt1x/NbolMbdFo1EBaOL3MaB613rO/PxV/8AVP6VtP8AZMUlI/M0g780MfQukd5ZZ8l59vrlZ/08dp/ot6XzKZZLiic7C6aV5BIIaPdty40GnjvXn8j63yor1VrWv8dyvXHVd2S5oIs2RNrxPad5uqV4mb6hyc357z+niP6NorEeycuNZGt94RwtxSOAG4bzyaNSuvh8PNycnTjrv+yJVt23jJaZGuphia4UHE138T8l+h8DgV41fm3vLnyO8XpuQQEBAQctta3EwtqfiPKrW4s/L1WdvDp49tXiXDWF2ZAdhJpQ5VyOmfhkuPLStomtvD6S35InW2d/tL2O7OFrKEZ1OWRa6tCO9UdFz4sFcU2mvucSYi0RvvLkZguirpzQ+j+zL/x3fxH5rvxfkfL/AFCP/M7IBXcJhUoe4VA9wKRqdY2HVjT1aD9FA1G6IDrDH/ps+yahO2P5is3+Hi/02fZR01+DcotvuaNtDHDZ99Q6JtdMiCBxplTeuLl87jcWN5bRH28zP8F61tbwiusZAP4FmbkNWNFDWp1HDLwryXk2+pcrk9uNimI+Zj/jev7tPTiPMor5cNaGGtcsDNAN2m+nqeCwr9Cy5bdWbJP37zP+IX9T4hi+1zHuPDRl8IPWlfFd2L6Bw6Tu0Tb9Z/sib2YCGZ/fmfqSMPZyIAFfKviV62Pj4sUapWI/SGczPukMuhh72JwAoKuOQyyy3ZDLktddkJ0UDGnuNrxoK+a876h9Nx8ukxPa3tMf3+Y+Vq2msphX5tyePk4+WcWSO8f97OysxMbhGtttjhbjle1jeLjTy4nkFXBx8ma3TjrMz9lnJ27bJ8hLLFE55/bcMvBv1d5L6jhfs3/u5M/+2P7ySiWe7CZHS2uTHh1qTQ5B2vChyAX1WHDjw1imONRHwpM/DoLgnDpWiMER4gQDvpkPDJbQyvHbu79aOMQEBAQc7tK0FrgTqHHwDan5BVa0cXtJdQbWSNpwlzQAwVbUg1o3va05Z0WOSm/D1+BzJpMVvPZzjrW/CWYiWkUoc6DlXNvguWYe9SmOdXhXTK1WeWdvofsx/QP/AIiu7F+R8x9R/wBZ2gWjz3qDIIl6iHoQHOA1XPyeXh41OvLbUf8AfC1azbwpbz2jZGSxoxO+XUrCtsvIjf5Kz/8AKf8AH9ZaRTSsdeUz9+Hpr5qcXCwYp6q1jfzPef5zuVmr3Dnd4k9SupLe2yBoqchxKlHefDFtqiGda/yn7KvXELxiuC+IgO67xFFlfP099St6FkiG+ozq0+hWFefSZ8E8a3ymOc14xNNR/eq663i/eGM1ms6lWX7aLQ2zvNnI943tZtxEtHew7sQ1zB0ouHmfS+Py7VtljvX+G/tLTFfU/Z8jtNskldjke57uLjXy4DkFtiwY8NenHWIj7OzS5uW+nWeNzGNGJzsWInTs4aU36laImnUtI8y18zi8uGJrRoKgAANA4ADwTezpiHU7MGsrTSlaUHLcr1Y5fyy+gLVwCAgIMXIOc2ugxQvdUgtG40ryPEKlob4LatEOMs20b2fpAXkAhrqjEwU3DQ5hpzWcW09C/D6u9C94LPPA+aJseIFrnuBo8vfI1r2PbvbR9QdxCtqttfwYY8uXDMxO/Ewx2j2Vja2eaNwb+JGImYg1jQXtilxV0Ac457qKLUr7L4OZliYrM7iGWyE81keYZGNDS+IGgL8QtDnNY9kjTgwgt0OuelKK2OdahTk6zW6o+H0ZbPPeoPUQ9SZ13kR5bTTu5/JfLfUv2jx4t04/4rfPtH6fLpx4JnvZGc4nPevmeHntyOdjtnnq3aPLotHTSdOFsrO0S7WprXjVfpO4hitWW+Ng4nl91hk5VKr1w2l469XGuBoA46rCvLnJbpq2jjxHlpuuGV7XPlkx9o04UGVQBpv8lvHbzK0xWPEJcsGWXEepUkMZYG+7LnCpOQHEqbG+6ntmMMLmENLRiPAgZmtVjOKvvBsuK+iM/McQubHecV+3gyUi1XWxyA0c3TVepW243DgmNdpfMNrrrEFqc1oox9JGjgHVqPAhw8lF/Lv489Ve6BC1UdPS73Z6CKNrZO6cDHlzwDn+KCGu+HuigGoCRLmydUzpe3HR0rHDcxgpkdG5j1V4ncscsTFZdktXAICAgxegqb2g94x7OIoomF6W6Z3D51b9nZmaCoVLY9+HpYefFfzQp7VaZ44zA5zmsJqW0GoIOTqVAqAaA7lhaLVdtK4ORbrjy12C/wCWF7n195iILhIXOBIkbISM+ySW7hvUVtMeEZuFjtERHZ01nv02rAGQTH8SzDH2ZGgx2n3jsTm0oA12pA0W+O0zqJh59+P6dtzMeJfQVu856gPeBmVzcrl4uLT1Ms6j/n9IWrSbTqEKWcuy0H96r4D6n9bzcyemv4afHz+rtx4Yr392teI1egq1LTS0WjzHc1txO00BikcG6POIdDqPOq/So5MZuPXLXxaP/wBUwV3P6INiiLnBo1PoN5K44p1207tahGvAe7fIMbw8ucxufZDW76VyJrwXp1pXFSIiHFyMs01KLdt7TRtjzOrsjWhD35upvAwn14pefxMb5ojLEe0w7+RoADnnTyryH96q7phCtEuLtbjk0cs6qJsjSoveZzGtYwkOe6gprhFKkfJR5TEMrugLW0pmTmaUz1J/7VdaWWVwWkiZ8NagAOHIkVIV8Vu+nPmr2257b+YOtIYPgja09SS75OC1yT7OjhU/Bv5U1jsznEBrS48gSstu3UR5dI2zOYGtmdUtoGxA1IGoJpkNfVNqRETO4/m6zZpvbZXXgNw4LXHLi5Ufhl2a3eWICAg8ckCtmeMRCrNoi2kxDAq6VZe9xx2htHAA8VWY2tS9qTusvm1/7LSwEkDE1Y2x/D1MXPi0av8AzdH7Kq4JQciH/wDFq1xx+Fy86Ym8THw74LRxNc04bzPD7rxvqP1nBw46fzX+P8/DSmKb/ohveXGpXwPM5ubl5OvLP6R7R+jtrSKxqGK4lnqkYySBoLnEADUkgAdSVatLWnVY3I5m9rxs9rD44JA+WIF/ZBoW1AeGnR245VX3H0bj8inFtjy11G91/urH4Lxb2ns5+zW4xknADz3hd2OYrLunvCPLMZ3PeRhDeNKE7td60vk8d3lc+JmY+EZ1MLQHPMnwgAFrQCSA0uIy13UWld7YYo67RWO8wtrPekxJM7CQ3VzQRQ8xnXwqrzGu8PViNpL76gzq4NpuJzHUFVmZ+DpiHl3R+/cbQ4UaOywU3Deeqt47ExpZHEeyxhc7Sg+pr2R1KpMzbtVE6jykXdd4sofPK4F9C51O60cBxO5dGPB0T1W8uW+T1J6KPn9otJkldK4VxOxEcq6eWSztbc7e3jw9NemHVQPe9nvGe7s0RyBFMRFQ014aDTgqbZ9ERPTO5lticMhEDl3pXakDKormnUv6cx3t/J0Oy7KSAjTOnNdGNwc3tR2a6HjCAgIPHIOO2ltboJRKBUaOHELHkUm8aidT7Nsep7J13XlHM0OY4Z+nIrhx/UaVt6Wf8Nvv4n9JTbFMd4TgvRi9Z8MtEkbXCjhUc0tkrHmSIRYLPFDiwZV4LzeT9a4mGNTfc/Ed2tcVrTCvgcWNs2Fz6SRnEC9zqn3bXVGImhrXTiub67nyYeJ1Yp1vTakRa0xMeGt9okEcs1WFsby3BhNSGlvx4sjnwXj4PoeLPw45HVPVMTPtrf8A37tJvEWiuvZIsj5nsbIImlrmhwpJ2qEVzDmAeqrb9lss1iaZInfzGv8AJOWkTMTP9EG8dpYLOSycmN4p2KBziHaFuAkEeK4cn7P8yl+jUT999v66Xr+P8vfaot+0Fue2tlsEgbufI0kkcQwfcr1eL+zMR3z239o/ytqseZj+b57fFutEjyLS6QuHwvq3D0ZkB5L6Hj8TDx41jrELxWC4LxNmtEcw0ae0OLDk4eR9AuiJ13RanVHS7a/bEInYm5xP7TCNKHPD/e5cPJxdNtx4lbj5OqNT5hCuhjXyjE3sjM10oNcvqq4/Pde+Otp6phbS2WIuxhoaQRuoeVABkPuuncKxWI7JLrWwVc6gAFXVOYw1OW8eSncJmJczd91/lTnSGEvc4k1A7IroMRyAASk2mdRCLzjp3tp09z3C+JmCSXs1rgj15AvPyA8VeONMzu0ubJyo/wBsfzXYeyJhAwsYMzuHVxOp6rpitaR2cu7Xt8y4XafaD3/4cf6MHM/tkaeC5smXq7R4e3wuFNPx38/8KNjFz7epXGn2djnUaKngPsFG2nRWveV+CQAZXaAUYOX7SR3lzajvFI/i6bZh5c7EV14vLxfqMxWOmHYNXS8d6gICAgo9pbt96wkCpA8+SraNwtWdPlkwms7y+FxFNR9HDeuPkcbFyK9OWu3XjvvynWPb9zcpYq82Op6H7rwsv0C0f6GWY+3f/Lbp2sGbfWY94Sjq0H5Fefl+g863m8T/ABlMV+xJt/ZAMhKejB9XLGP2d5e+/T/NOpW94XvZ7PZLLJaGvLXNYGllcTSYq1q0gjIHRfc5cVL44pkruHJWtuu3TP8A3bC12yB92WmWyucW4JHVdjJxtArXHnuCimLHTD0VjVfg/F6sdTcLDLabus7YpzBIWROxtqDkzMZEa1WvTHTEfCZtFM1txvypdkrjebfaHWuT38lnbE1rjxeC5pz1oOPFRSI7/ZrlydOKOj3V19e0a0Nne2BkYjY5ze2HFz8JoSSCKA03KvXPyU4tdd/+Vzb44r2u8zhmGZjXU3lr2ZuZXe0/UK/5o2rTeHJFPaXyloWT0aw+h7D3uyWH8kmo4tHZDtHMHDgW/KnAq9JraOmzj5OK1LepVsbc0RlDavixte4NriIa09l2YGTga67qLzONkx8nLeuPxX3jvEymeRale/dOZs3C3N0spp/C0eZrRd/7pWPMs/32/tELCC7YG92JrubyZP8A6y9FtXBSvsxtyMlvMpcklBVxAA45AfQLXcQy1My5+89rIY6iP8V3Lu/1b/BY3zxHh6GD6blyd7do/q5G872ltB/EdluaMmjw3nmVyWyTby9vj8PHij8Mfx92v8keG4ixwbWlSCBUioGfLNZzLtp0zPTE92TAqTLoimk+zW1zGlraCprXfommV8VbW3KRY2Fxqf8AtbUrt5vM5tMMdNe8/D6RsxYC1mIildAuzHXXd8vmyTe25X4C1YvUBAQEHjhVBy20ezPvPxIjhf6O6rO1PhaLPnN6XQMWGVhjfx3HpuKwncOimWYUVruKVubQHjlr5KYyQ6a5ayqpAWmjgQeBFFbcS1Xd8bUyWmzRWZ8bQIi2jmk5hrCwAg781MztSuOItNvlbXNtNBHdk9keXCV7ZcPYJaS9vZGIaeKnq/DpW9N5It8OjhnsVsu+CyyWxkbmsirR7WuDmN0o5JtWY1LKeuuWbRG9qy6bXFdVuMTpzLDNGwulJrhcHODK0JyFCP5uSittSvkp6uPxqYS779nvvpXT2aZmCQl9HVIBdmSxzQagkk+Kmab8Jx8qte14ncJ9ufFdN3mHGHSvD8I0L3vFMWHc1uWfLmp3FY0z3OfLFojtH9nGbE2Jkjp2vDKCzvoXgEMPZAfnpTiF4P1jPfFXHNN/njx7/Z35d1rGk223K38lsccLo5JHzub72MVxCjzm7Uhu/wDhXLh59o5Wa+WLVitInpn27x7fdEX3bv414dFa7K2J8QbEXMle2Bxc2hDmvzcQRmyQNJ4VA4rDhfU7fu+alpjq1No1948fw/o5pp1TvfhJsz4HSGETB4rI1sXxNdFUODydWtIFK61GtKrPP9R51uJFLV1HbdvmJ8f/AGiMWp6tKC7L/mlid7sNYIYmuc51XuIAzIGQrkTQr66c9vEdnR+40r0zfc9TXeNia41tNtc4e8ew0DaNwAmvuw45EggUHBZWtue8uvDM17YsffUT/wBnTVFFYGCrnGTvAg+8qcLwAW4aAYmhxFTlUVVeqsOjp5dp1Ea8fDXZL4jjY1rLO3EGUc84QXOJqa5dpuWhzPIKnXqOzptwb5LTNrzrfj7f5Y3nfstoGF+HDixBrRvpSoJqdPmq2vaW+DhYuP8Aijz8o8VkcdRh6/ZRETLHP9TwYvfc/ZOsdixODWgvdwAr6buq2pR4fJ+q5cnavaHe7O7MYKPmpXUN3DrxK66Y/l5Frusa2i2ZvUBAQEBAQEEK33ZHM0tkYHDmFExE+UxOnJ3hsORnBJT/ACuqR4HUeqxthifC0Xc9b7mnZlNBjbxAxt+4WM4rQ0rk14Ucty2d/wAJYf8AKSPQ1VZm8Nq55RJdlx8E3g5v1B+ij1ZjzDWuePhDk2anGgY/o4f8qK/rQ0jNSWg3LO39S7wAPyT1Kz7ta3p8vbO60xCjHWiIcGmRo8hknVC3RS3v/wAI8gcXFz8TnHVzyS4+JU9TSlaw2wWt7MWB5biaWuoaVadWnkssmOmTXVETrvDWaVt5boLzlYGtZK9obXCA4jDiripwrU+azvx8N5m1qxMz5W9KkzuYZRWyUCjZJQKg0D36jQ66jilsGKZ30x/KFow4o9njY5CahryTUk0cSSdSTqdVbVddPs0/8WtTMf0SI7vlplG4dRT5qNwt+8YK/wC6EiO6Jd7QOpH0qq9SJ+o8ePfaVHc37Tx4CvqaKNzLG31msdq1n+Lb+Rwt1Nep+ymKzLky/Wc9vGoT7Dd8smUMDqHfTC3zOq1rimXnZeTkyTu9pl0l3bEvdnPJQfss+rj9AuimH5c83dddt0xQCkbAPmep1K3rSK+GcztPVkCAgICAgICAgICDwtCCFbLohl78TXdQK+arNYlO1LadiLO7Nhezo6o8nVVJxRKeqVfNsPIO5aB/Mz6g/RZzx4Wi6I/ZO1t0927o8g+rVSeNKetqdcNsH6mvR7D9VWePKeuGP5otQ1gd/tPyKr+72T6jx102n9w/+lPQun1Pux/NVp/cP/pT93uj1Hhui1boH+g+ZT0LnqAuS2nSzu8XRj/kn7vY64bG7K212rY29Xk/JpVo48o9ROg2ImP6Sdo5NYT6k/RXjjK+osLPsLCP0j5H/wA2Ef7QFpGCsI65XFi2fs0XchaDxpU+ZzWkUiFdysmxgaBXQyQEBAQEBAQEBAQEBAQEBAQEBAQEBAQEBAQEBAQEBAQEBAQEBAQEBAQEBAQEBAQEBAQEBAQEBAQEBAQEBAQEBAQEBAQEBAQEBAQEBAQEBAQEBAQEBAQEBAQEBAQEBAQEBAQEBAQEBAQEBAQEBAQEBAQEBAQEBAQEBAQEBAQEBAQEBAQEBAQEBAQEBAQEBAQEBAQEBAQEBAQEBAQEBAQEBAQEBAQEBAQEBAQEBAQEBAQEBAQEBAQf/9k='),
					('hg11',N'Máy giặt','1-1-20','lh2','NSX1',N'Tốt','',1,100000,'data:image/jpeg;base64,/9j/4AAQSkZJRgABAQAAAQABAAD/2wCEAAkGBxMREBUSEhIVFhUVFxYVFRcYFRcVFxUYFRcWFhYVFhUYHCogGBolGxUVIjEhJSkrLi4uFyAzODUsNygtLisBCgoKDg0NFRAPFSsdHR0tKy0rNy0tKy0tLSsrKy4tKy0tKzE3LS0tLSsrNystLy0tLS0rLSstNS0rLTItLSstLf/AABEIALcBEwMBIgACEQEDEQH/xAAcAAABBQEBAQAAAAAAAAAAAAAAAwQFBgcCAQj/xABIEAABAwEDBwcJBgYBAgcAAAABAAIDEQQSIQUGMUFRYXETIjKBkaGxIzNCUnKSssHRBxRic4LwFUNTosLS4WPxJFR0g5Oz4v/EABcBAQEBAQAAAAAAAAAAAAAAAAABAgP/xAAhEQEBAAIBBAIDAAAAAAAAAAAAAQIRMQMSQVETIWHB8P/aAAwDAQACEQMRAD8A3FCEIBCEIBCEIBCEIBCEIBeEr1QGdsvNjZtJcf0gD/IIJszNGlw7QuTa4/6jPeH1VEa0J2I2eufdQW02+L+rH77fqvP4lD/Wj99v1VRlAqA0k7aiiUYEFp/icP8AUb21XhypF6/cT8lX3FrWXnEAAXiSaAACpJxVXdnxZ6uADua4txBAwphXUe3eRjQNGOVofWPuP+i4OW4PXPuP/wBVXcm21k7A9mjQa6QdhCaZ22ow2WR7DR4uBpoDQue1taHAmhKC2fxuHa73HfMLz+ORbH+79ViMmc9paDetElW0vAMhF2tKAjkzQ6VwM57QGgvtEoJpd8m0AjCpB5PHDxCJtuH8cj9V/Y3/AGR/G2eo/wDs/wBljebGXLTLaYWvtTyHSYsumhaASQTdpq2960V7Re0PJwpRzg0DeAQNp1/JFT/8bbibj6AEno6AKn0tgXUWXID6dOII79CgrRhG/wBlw94XfmoRsx2az6Ww8EGhxW2N3RkaeDglwVmk9oFMWuG/A034GqYRZQe082R44FyDWkLNIM5J2/zq8aHxV8yFa3TWdkjqXnVrTAYOI+SB+hCEAhCEAhCEAhCEAhCEAhCEAhCEAhCEAqtnY4mZjRqYT7x//CtKpedNou2quxjR3uP+SCOtZmij5T7tK9uA5hiJx3OkCjHZy0N02S0AjUeR8RLRTrMsF4DKsaNpOwcdyjLfZhI6+ZYgTuO78SCGtufcUB59nnqdgjPg9WLI2WBaIuUaxzBsdSv9pI71W7fmqyZ1TaGjg0Eaa63qZybZ47NDc5VrtOJIHdVBYbQ0Foa4EtwqBrApULF7az7u0RXXOeC4NDWuq+hIBpSo1VrooVrBtzToqeAJB/Vo70k8tOmEnjyZ8XIGGYEUzbODLW8aaTsGHVSgruT/ADpskloi5OJhe6/GSMOi0hxJqdGC6daQBocN1K/DULk2xo9PHc6hHYaoKdbsy7e69dspN51cHRigxNOc4bkocy7feaRZK3WUHlYgC7fV9Vafv4rjJ2vP1XX32PXI33x9UFazVzXtsFoiktFjbExhcXScvG91XMc1outNdJHBXjk2UL6C9fGNMcHBuB4AhR0VthH81g/U36pQWyzVvcrFf21ZXZ0q10K6Nntvf5J36P8A7GKCqaGmmppXintsylCWU5aPEt/mN1Gu3coqWYX2AYh5NCNFKF1d+hQEskgH8s9ZHzUdfNdCm+SGxMbTKWupQdYCgRgNSOIWxLIopL7m4AUcNGC11UCEIQCEIQCEIQCEIQCELiaVrGlziA1oJJOAAGklB2SoDKGczG1EQvkaXk0jHA6X9WH4goTLmWnykipZEMAz0n75P9NXpVODa3arZX6IJy2ZySuOMh4N5jRwu49pKibRldzjiQeIBPaVFvkJSZKCViy09uLXU4ADvCmLBnnKzB9HDfp7Tj3qoELiqDYMj5fhtODTR/qHT1bVT87SDbJA4A0uAVFaC4007Se1VSG0lpBBIIxBBoQdoOpOLbbpJZTK81Lrt7V0WhtexoQPmtZXot7AuHBgNKN7AmDLRzkyyxlNsIL3nAAYayTiGjeip+0WqGFhkkLGtGkkDs3ncqtaM8pZnXLDZ6/9R47w0fM9SirFk+a3vEtoJbGOgzUBuG3af+yu1hsjImhrGgDciK6MjW+fGe2PbX0WG6OFGUCVbmY3XPMTtvlS0mW4g4sZeleNLYml9NzndFvWQvfvtoOP3Qtr680bT2NqmhGNzdlj81bLQ3cX32+67BKsyjbYPOtbOzbH5OT3TzXHhRPJMoSt85ZZQPWYWSAdQId2Aruz22OWtxwJGlpqHN9phxHWE0HOTsrxzgmN5qOk01a9p2OacR4J6Jt6rlvyeHEPaSyRvRe3Bw3fiG44JfJ2Ui48nKAJQK4dGQD0mfMau9FWJk+9Kx2jeocTJWOdBJWmUloFTi4DTsa8/JRE/nYfad8D075St32v8JE1n87D7T/heiFbTG15xBNMMDSiZmyY6cNhPzT2wyYPJ1PcOoUTe1Th4wBFNuvbRAWTzg9ofEtfWQWTpt4t8WrX0AhCEAhCEAhCEAhCEAqZnFlkSOLGnmMdp1FzcC/fR2Dd4LvVInc57fyMBoaOebjSNIqCXOG8MDiN4A1rObRJdaABTAYbAMAOoIErZaanwTIlDjUqyZpZu8ueWlHkmnmt/qEbfwg9p3DEI7JGb81qoY6NZrkd0cfUAxf3DerRZsw7OB5R8r3bQ8xgcAynfVWtrQBQCgXoQVWXMSx00TA7RNJXsrioHKWZbm1dZpxLTTHIQ13ASNFB+pvWtHTe22Jko5wII6LgaOadzggxfnBzmPY5j2mjmOFHNO/aN4wK7a9XXOfJPKANeAJGg8jMBQEeo8D0TrGo4jHTRsdYIIJBB0tINCDwKBO0SXeCrAk+92jlH15Jh5rfWP7p1AKfy1Zy+B4bppUb9o7Kqv2CdjCGXhRuB46yoL1ALkfKPIa0CtdAa0DuACZAPtQvyEx2bSGVLHSt9eV2ljCNDRiddENlFre1gIMEIa5+ySSlWsO1rekRrN0Kt5z5Rktk7bNCeYTtwdte8+qKE/sU3J5qWpg5zsHkbFCHhuFR5OFvCg53fXakGZenLrt+Npxc6jMGgV34nAng07Qm4jbE1sUZ5gwDjgXurQudvOoaq9rezMD7tcOVeS47IowCT2NDuNVm5U0mp85nQhhc0OLudTolrMaEuGs0PZvCf2a1We2gGha8dE9CRu9rhp4dtVTZ6yykuFLxro6IGDW9QAHAJ6xwFLp0aNRFEmd8r2rMXvicI5sQ7BkoFA4+q8ei/uO44JO22a8MDQg1a4aWkaCPprFQlMk25tpYYJqE094beI/e7mK80mJ5q5mh3rtPRdx1Ht1hWzzCfktY7TyjcRRzTdeNh3biKEcU4qo2tyQO1GjHcCeaepx/uKkCVFOrM7Ee0Phei0edi9t/wvSdkPOHtf4vXVoPlYvbf8L0R1ZH0a780/JFtiIANScR9EjF0T+d9E9t3R6wgbWPps4t8WrX1kFm8632m+LVr6AQhCAQhCAQhCAQhCChZ72y/amxao2CvF5vOB4NZH7xVVtUlSn2VrTylstD/wDqPb/8Z5HwjUZJpQK5OshmlbGK84ipGoaz+9ZC12zQhjGsaKNaA0DYAKBUXMKy1lc/ZQDgMXf3GI9SvyAIXhXqEHKELyqBvlCyiVhbr9E7Dq6llGXbG6KVrnU8o3EjAF7AB20wpq5MLXqrL86H3nva3ow2qRlNNDI0S3xsBL5m03jYgr1pmaxpc44AEnWcNgGJVmyRkWyssTJjHGbgMj3OYxzn0vVZV2jUBwCrcmQjHCbcxzQ4vLGlwvFrhecHFpF27XfVPYpZ7TDJNPMXtYAxgIY0Evc0E81orgaBWBnlmcx2a6MHSmmAoADi+g1ClGqn2Bwa58jvS8mNZDSQ3CnrFw7CrVnELzmDYwnrcT/qFVLfMyz2mIvBLWCpaML3OqOwgHqWs+GceS2U5AHUriAXNoKdFt7tqKdScgBjHbGQtYCf+o4A/wBrnKNflL7w1gIYHCORzroIo6h06tAwCmre1sMLnyuDA8xNjwJMlxgdJdGwXmiuirgFy02iWOoHGuwA6+3WkpLcGmhdU7sUwt+UOUNI23GVwFauO8nbuC7seRJZMQ26N4NTwGntopo2cR5WcyRsjcLhqBt216qjrWhZRla+OK0s0YEn8ElL3UOl+gLOMo5OMYu0dUYmtPAaAtDybZR9wEVagx9zhU/NdMPMZycWhl4EHXUHrwS9nlLmAnTTHiMD31TCzX3xtffZixrujQ4gaBfx06ktY3EBwJBIca00c6j/APJRpJ2I88cf8XJW0HysX5j/AIXpvYHc8cfk5LWjzsX5j/heiOYuifzvontu6PWEyj6J/O+ie27o9YQIQ+eb7TfiateWQR+eHtN+Jq19AIQhAIQhAIQhAIQhBirn1mm3yPPvPc75pFzzXokN1OvRkE4Ei6HXxp1tAXUxpaZ2nSJJh7k0jPkE3+7gPLxpOBQX77PqXHe0+vZD/wAK4qjfZ9aMXM3mnF4aR3ROV3qg6XhK8qvCUAvKoXlUASsxyg2tpyhsE9mPWBIXf2kLTCVmGW7QGtkkGm1SySj8ssEMR642l/6kDObK0LcmOhc+kglLw2hrcuipBGutcNKfZFgJyfLUUq6oGjQWHAdSqP3VrXmVuEmpxxoRUg03EqcyTlp8xBtNpDmhxiEbnsaReqLzgBUtGG7RVWBvlaKrmna0DsJ+qpeelkcXscATUOBoK+kSO6i0C1R3mYEG4TiDUEHCoI04gdqr+cYe2AvjNHN5xprbgJOyjDwa8reX3GJyp2bcTWyOdKHBlxzL11xDXPBAvUFejf8AHUnec8n3idpbIXiOBuFcG3S5z2s3C8TTcTuDCXKM5GNSDtaMe1TVrzWtIhdMDfuMYQGC8XxzBzatu1AFL4INDRr9i5toOxWvkzVrW12nFWzJhtkvObdiacL7y2JvUXaepVTJtmlc7mRvwwJa0kg7K6lo2auZdtlILoS2tDfldSo73FA5yZmUJaOknMms3WG72yFpPGhT+awfdmOjBqACRuBDsN3/ACr9kvNtzGASzHAaIwGD3iC7vCoee8rY+WEZJxuNqaku0Urxae0LWPKVS44bW4Quhe0QiOK+CAdOmpumlQQNOpSGTXed/Of4NT2JzGta3kmm6A0GrxoFPW3LgkFziBQFxw09GjNfsrDR7kw+UHX4FObR52H8x/wvTPJh8q3r8Cnlo87D+Y/4Xqo5i6J/P+ifZQ6PWPFMI+ifz/on2Ueh1jxQIM8+Pbb8TVr6x8efHtt8WrYEAhCEAhCEAhCEAhCEGQZ8WPkMouPoy0eNgvihG88pHI79YUW4rQ/tLyPy9l5Vo58NT+h1L3ChaxxOoByzWGa80HXr3EaQglshZSNnma/VUB3CoPVsrsJWsRyBwDgagio4FYoCrpmdnEGgQSnD0HHVX0SgvCCV5VckoPSVyXLhz1HZTygGNOJqcBdALidjQQalBAZbzsidM6ytqWNJbO5uJcRpiYBqJ5rnGmsDaKRlrKBntDn6q0A1ADAALrLWUKvddNXuJqb167uvek7Vhg3QMdEbEKBB7apKCg0qPy3k7kZwW+blaJYq40a7pMx9Vwc3qTfKltIkbd9BwduJHonaNo3q4w2ZltsrYmdLGWzE6bxwkgJ/Fd95n4lAlkW0gBtQKEBjgBQVpzTQaA5op7TNrk6tVkpzdRxYSKjgRrFDQjWCRrUNYBSrXDVdc01FRsrqIIBB0ggEaFM2e1gUilNQ48x5oL5po2NlA0t0OoSMKgdMb4ZyjPc47C+IBrWkRgkDG8WF2PJuOvAc13pAV0hwF5+zrOOR0Yhkc55iIYw85zjHIMYQ4Y4OjvN4OZUXgnNvyaJB6wpS8BU00lsjDpbgDTaARQgFRNhhFmYGNipdlErZY7znNLaUGFXEVAIa4YHEvdhSXGrK0bI07rNMWODXcpR0clBWZpHRLgOc9oxafSq4ek1W6zWuoqbtKDEEuDSWhxBdQCmIoddVk8eWbNPC6Ke0hry51znCsZrea4C9gCSRSoI4EFslkbLdpY0icA0qGvrVst4gl1zTeNAa0x2AkuM0q+5w5VFnhJrz3VDBv29XjQLGMqWjlZwwdGI3nb36m76EV/RvT3OHOB8khjYS6U10uJEQJOLjU0pU0A0caBRlmhEbbox1knSSdJP7wAA1K36mkn2WL6VOwVptpoHWaDrXccRDQN2J2nWUmBVwbso53HS1v+Xup3fWWneThSVvX8JTy0+dh/Mf4PTSxu8qz9XwlOrV52H8x/g9EcR9F35/0T7KPQ6x4phGea78/wCif5S6HWPFA3/nfrb4tWwrHT579bPFq2JAIQhAIQhAIQhAIQhB49oIIIqDgQcQQdRCxnPHIZsNpLgDyEhqDpu6sTuJAPEGvOoNnTPK2TY7TEYpRVp4VaaEVFdeJ3EEg1BIQYkCvbyeZfzdmsD6EF8RrdcATQaeJFK4aRQ1qBeMdHKCKg1CCwZLzongFAQ9nqvJ7naR3qcjz+ipz4ZGncWuB4Y1VFqvCEFvtf2gwYhjJXHjG0ddKnuVUyvnJNaKjCNhwLWkkkbHPOJG7Abk0fAEmWAIEY40hlC2BjcNJ0D5qz5s5rT251RzIa4ykYHaGD0z3DXsMT9pWRo7NbuSiFGiKM44knnAuJ1kkKUVNorUnWpfIOUOSNwmjHGtfUdhR4pqwAPAHSAmDYsErFGkVe5GC1GtALSBV7cKTClRIymBdTEgadITItwLXAEHAgioO4hQ9ktdAGurQYtcMHxnTVp2V1eBxUwcqhwrOLw/rxjHdyrNu/A8VR5ByzD5I3wB0Hl14AerM0E0GxwPtJQ5bd6cEh3hjJu+M17VKZt2sQzCWN3KNoR5OjnCtNLHEEaFbJcvWGTzgbXZLAa78bpFetWZVLIzx+X3ehBLXV5IRf3PTGe02ibS4RNOm6b8hGy+cG9VeC0Sa12CnNFn6L6lsYrWhui6GVPGoVDMTgLzqMbtcQ0d6XKpo3s9nbG26wU1nWSdpOsruR92mtxxaDoA9d34fHQuTaB/Lx/G4Ub+hpxfxNAkm68SScSTiXHaT+6LLRaPDadZJ0knSTvXZekQ5elyqHmTHeWZxd8DlJWrzsP5j/B6iMmO8vHxd8D1L2rzsH5r/B6BKPou/wDUfRSGU+h1t8VGh1GPr/5j/VSeURVlNrh4oGjvPH22eLVsaxx/nT7bPFq2MIBCEIBCEIBCEIBCEIBCEIE54GvaWvaHNOkEVG0Kl5a+zuKQl8DjG4401E78DXrF4+srwhBj9qzHtsZwa142ioJ/S293kJo3NW3E0+7u44UW1oQZPYfs+tch8o6ONu2rnu92g8Va8j/Z/ZYSHSVnd+OlwcIxgf1VVtQg8Y0AAAAAYADAADUAsU+2NtMpNO2zxn++YfJbYsb+2iP/AMbEdsAHZJJ/spRQWlKNSYCUaUUuwpWOQtNQSDtGCbtcuw5UOWyNrUsFdrasP9uHcnzMquAoJJh/7gf8QUUCugUEi/KDz/Nl6nNZ4NTYgE3qVPrOJe7tdo6qJEOXQcgVLtqLyTLl5eQLX0X0heXQcgfZKd5ePifgepu0+cg/Nf8A5Kv5NfSZh3/Ij5qYtlqF+HHRI4nA673aiFGWQSxTMrSspx2UumqkZGEltdA+XzUXk23Acrp8646CdQTz77ewaK9wHEoEn+cd7bPFq2QLGpHUINNMjPiC2VuhB6hCEAhCEAhCEAhCEAhCEAhCEAhCEAhCEAs1+1DI33m0w0ddpE70b1ef7Q279K0pUrPuMm02cAE1jmNAKnmuh1fqWc7ZjbGc8u3G3+/bKcr5AfZ2hznNcCQ3AOBqanEEU1bVFhXPOiJ33c1DqhzTiCNdNY3qm3VjpZXLHdZ6PU+THb0LsFcL0Lq6lAV7VcAr2qDuq9BrQJNdN0jiPFA4ubz3fReXN/d/yukIji4d3XUeAKNBp4LsJN/S6h4lAvZXUe07x4hSskzS+Dc9xPWVCxHnDiPEJ5M+jo/aQTkeS2X3yBxuvIcRWgroNeuqexyMAo2ig3T0w7k4s9ke/F3NbvQO5ntcQBjRzSdmGK2KPQOAWJSgOpFC1z3E6gSXHYBpK2yEc0V00Hgg7QhCAQhCAQhCAQhCAQhCAQhCAQhCAQhCAUNnJkZ1oa18UnJzRh/JuIBab928x4IPNJYzEYi71GZQgwjOrOWYyOyfLLBI8SsZRrXtfyhIo0ChBxIFd6b2jNO3x9KySn2AH97St7MLS68Wi8NBoKjrSiD5qtML4/ORyM9tjm+ISd9v7w8V9MlMbTkezyecs8L/AGo2O8Qg+dgGnQe9e8mt2tGZNgfpszB7JcwdjSAoy0/ZnYXDm8pH7Dm+LmkoMc5NetjxHEeK0+X7KY/5dqkHtsD6djmphN9l87fN2iN3t1aOwNPigpNxeXVabRmHlBmhjJPYe0d8hBUbaM3rdH07JJ+lplPYwfNBEhqRmbzurw/7p7LFIzzkErfaYW92JTWSZpodQwrR2nA6xw7UHDNI4juUnHYuWo2tCKOHVp/e5R/Lx0JvtwB1jZhhxUhYWukcGxtLnEAgAaiAa7hjpU3pqY3LiJJkcUGnnP8A3pT/ACVkS0281HMiri81u/pHpn91Cm83M04mFr7TWRxAcI2tJY3H0z6XhxV2it0d00BAYKdGgGgAAfJO6e1+PP0hsl5kWaCWOYGUyRVoTI4NJIIJcxpDTgTpCsqTZO0tDq4HWcEGZvrDtCu2dX0UQhCIEIQgEIQgEIQgEIQgEIQgEIQgEIQgEIQgEIQgEIQgEIQgEIQgEIQgE1tGToZOnDG72mNd4hCEFRzqzDdM5j7DNHZLoeJGiBrmy3qXSaEUIoe3te5tZqOskLY3SNkfVt+W4Iy8Yml1ugDmgDYF4hSzfLeGdwu4locnva5p5poAOk4aDXUMUo+xPIcAQL0l+unDhTTowQhTsjd6+Vu3rLHJyZjN0g3sca1OLeGKRdk15Ho1o+uPpOOB0L1CdkJ18pwk4m0aBsAHcu0IWnEIQhAIQhB//9k='),
					('hg12',N'Máy giặt','1-1-20','lh2','NSX1',N'Tốt','',1,100000,'https://encrypted-tbn0.gstatic.com/images?q=tbn:ANd9GcT36Af8_2ArEpKo9T1tf093NMm42R0oeY0-t7DOxEQN_saGD4DE6PbYF9yV44Y&usqp=CAc');

					('hg13',N'Quạt 1','1-1-20','lh2','NSX1',N'Tốt','',1,100000,'upload/images/q (1).jpg'),
					('hg14',N'Quạt 2','1-1-20','lh2','NSX1',N'Tốt','',1,100000,'upload/images/q (4).jpg'),
					('hg15',N'Quạt 3','1-1-20','lh2','NSX1',N'Tốt','',1,100000,'upload/images/q (5).jpg'),
					('hg16',N'Quạt 4','1-1-20','lh2','NSX1',N'Tốt','',1,100000,'upload/images/q (6).jpg'),
					('hg17',N'Quạt 4','1-1-20','lh2','NSX1',N'Tốt','',1,100000,'upload/images/q (7).jpg'),

					('hg18',N'Ti vi 1','1-1-20','lh7','NSX1',N'Tốt','',1,100000,'upload/images/ti (1).jpg'),
					('hg19',N'Ti vi 1','1-1-20','lh7','NSX1',N'Tốt','',1,100000,'upload/images/ti (2).jpg'),
					('hg20',N'Ti vi 1','1-1-20','lh7','NSX1',N'Tốt','',1,100000,'upload/images/ti (3).jpg'),
					('hg21',N'Ti vi 1','1-1-20','lh7','NSX1',N'Tốt','',1,100000,'upload/images/ti (4).jpg'),
					('hg22',N'Ti vi 1','1-1-20','lh7','NSX1',N'Tốt','',1,100000,'upload/images/ti (5).jpg'),
					('hg23',N'Ti vi 1','1-1-20','lh7','NSX1',N'Tốt','',1,100000,'upload/images/ti (6).jpg');
					
					






					('hg2',N'Iphone 30','1-1-20','lh1','NSX1',N'Tốt','',1,100000),
					('hg3',N'Iphone 30','1-1-20','lh1','NSX1',N'Tốt','',1,100000);
insert into hang(maHG,tenHG,maLH,maNSX,tinhtrang,thetich,gia)        values ('hg',N'dd','lh1','NSX1',N' 1v ','1',1000)
	insert into hang(maHG,tenHG,soluong,maLH,maNSX,tinhtrang,gia,anh) values 
						('hg1',N'Th?t h?p',20,'lh1','nsx2',N'T?t',10000,'upload/images/1.jpg'),
						('hg2',N'',20,'lh2','nsx2',N'T?t',10000,'upload/images/2.jpg'),
						('hg3',N'',20,'lh2','nsx2',N'T?t',10000,'upload/images/3.jpg'),
						('hg4',N'',20,'lh2','nsx2',N'T?t',10000,'upload/images/4.jpg'),

						('hg5',N'',20,'lh2','nsx2',N'T?t',10000,'upload/images/d (1).jpg'),
						('hg6',N'',20,'lh2','nsx2',N'T?t',10000,'upload/images/d (2).jpg'),
						('hg7',N'',20,'lh2','nsx2',N'T?t',10000,'upload/images/d (3).jpg'),

						('hg8',N'',20,'lh2','nsx2',N'T?t',10000,'upload/images/g (1).jpg'),
						('hg9',N'',20,'lh2','nsx2',N'T?t',10000,'upload/images/g (2).jpg'),

						('hg10',N'',20,'lh2','nsx2',N'T?t',10000,'upload/images/gg (1).jpg'),
						('hg11',N'',20,'lh2','nsx2',N'T?t',10000,'upload/images/gg (2).jpg'),

						('hg12',N'',20,'lh1','nsx2',N'T?t',10000,'upload/images/h (1).jpg'),
						('hg13',N'',20,'lh1','nsx2',N'T?t',10000,'upload/images/h (2).jpeg'),
						('hg14',N'',20,'lh1','nsx2',N'T?t',10000,'upload/images/m.jpg'),
						('hg15',N'',20,'lh1','nsx2',N'T?t',10000,'upload/images/h (1).jpg'),

						('hg16',N'',20,'lh2','nsx2',N'T?t',10000,'upload/images/q (1).jpg'),
						('hg17',N'',20,'lh2','nsx2',N'T?t',10000,'upload/images/q (2).jpg'),
						('hg18',N'',20,'lh2','nsx2',N'T?t',10000,'upload/images/q (3).jpg');

						
-- loat han
select * from loaiHG
delete from loaiHG
insert into loaiHG(maLH,tenLH)
			values	
					('lh7',N'Đồ ăn'),
					
					('lh1',N'Đồ Điện tử'),
					('lh2',N'Đồ gia dụng'),
					('lh3',N'Quần');
					--('lh4','Áo'),
					--('lh5','Mũ'),
					--('lh6','Giầy'),
					('lh8',N'Đồ chơi');
-- phieu nhap
delete phieunhap
insert into phieunhap(maPN,ngaynhap,maNCC)
			values	--pn1
					('pn1','2-2-20','NCC1'),
					('pn2','2-3-20','NCC1'),
					('pn3','2-4-20','NCC1'),
					('pn4','2-5-20','NCC1'),
					('pn5','2-6-20','NCC1');
-- CT Phieu nhap 
delete  from phieunhap
select * from kho
select *from inventory
select * from phieunhap
select * from CTphieunhap
delete from CTphieunhap


select sum(tiennhap) from phieunhap where month(ngayNhap) ='2'
select sum(tiennhap) from phieunhap where year(ngaynhap)   ='2020'  

insert into CTphieunhap(maPN,maHG,mak) 
			values ('pn1','hg2','k1')


insert into CTphieunhap(maPN,maHG,mak,namSX,soluong,gianhap,thanhtien)
			values	--pn1 k1
					('pn4','hg1','k3','1/1/20',10,0,0),
					('pn1','hg2','k1','1/1/20',10,0,0),
					('pn1','hg3','k1','1/1/20',10,0,0),
					--pn2 k2
					('pn2','hg1','k2','1/1/20',10,0,0),
					('pn2','hg2','k2','1/1/20',10,0,0),
					--pn3 k3
					('pn3','hg1','k3','1/1/20',10,0,0),
					('pn3','hg2','k3','1/1/20',10,0,0),
					('pn3','hg3','k3','1/1/20',10,0,0),
					--pn4 k4
					('pn4','hg1','k4','1/1/20',10,0,0),
					--pn5 k1
					('pn5','hg1','k1','1/1/20',10,0,0),
					('pn5','hg2','k1','1/1/20',10,0,0),
					('pn5','hg3','k1','1/1/20',10,0,0);
--khach hang 
insert into kh(maKH,tenkh,diachi,dienthoai)
		values 
				('khg1','Long ','ha noi','1010010313'),
				('khg2','Quang','ha noi','1010010313'),
				('khg3','Hinh','ha noi','1010010313'),
				('khg4','Lùng','ha noi','1010010313');

insert into hoadon(maHD,ngayban,tk,maKH,thanhtoan)
			values
					('hd1','4/4/20','c','khg1',0),
					('hd2','4/4/20','c','khg2',0),
					('hd3','4/4/20','c','khg3',0);
					
-- CT hoa don 
select * from hoadon
select * from CThoadon
delete from CThoadon 
insert into CThoadon(maHD,maHG,mak,namSX,soluong,giaban,thanhtien)
			values	--hd1
					('hd5','hg1','k3','1-1-20',2,0,0),
					('hd1','hg2','k2','1-1-20',2,0,0),
					('hd1','hg3','k2','1-1-20',2,0,0),
					--hd2
					('hd2','hg1','k1','1-1-20',2,0,0),
					('hd2','hg2','k1','1-1-20',2,0,0),
					('hd2','hg3','k2','1-1-20',2,0,0),
					('hd2','hg1','k2','1-1-20',2,0,0),

					--hd3
					('hd3','hg3','k3','1-1-20',2,0,0);
					--hd4
					('hd4','hg2','k2','1-1-20',2,0,0),
					('hd4','hg2','k4','1-1-20',2,0,0),
					--hd5
					('hd5','hg2','k1','1-1-20',2,0,0),
					('hd5','hg2','k2','1-1-20',2,0,0);
--tk 
insert into tk(tk,mk,mak)
			values
			('c','','k1'),
			('hoan','','k4'),
			('long','','k2'),
			('quang','','k3');
delete from tk


-- Trigger 
-- CT Phieu nhap  khi nhap Nhap
select * from phieunhap
select * from CTphieunhap
create trigger

update phieunhap
set tienNhap = (select SUM(soluong*gianhap)
				from ChiTietPN,phieunhap
				where ChiTietPN.maPN= phieunhap.maPN)

select CTphieunhap.maPN,sum(soluong)*sum(gianhap) as tongtien
from phieunhap,CTphieunhap
group by CTphieunhap.maPN


update phieunhap
set tiennhap = (select sum(soluong*gianhap)
				from CTphieunhap
				where phieunhap.maPN = CTphieunhap.maPN
				group by maPN)

delete 
from CTphieunhap 
where maPN ='pn1' and maHG = 'hg1'






create trigger tt on CTphieunhap
after
insert,
update,
delete
as
begin
update phieunhap
set tiennhap = (select sum(soluong*gianhap)
				from CTphieunhap
				where phieunhap.maPN = CTphieunhap.maPN
				group by maPN)

end